[
  {
    "number": 1,
    "scheduleDate": 1748655631000,
    "matches": [
      {
        "producer": 6,
        "sportId": "sr:sport:1",
        "matchId": "vf:match:1382248559",
        "matchName": "Qatar vs. Ecuador",
        "scheduleTime": 1748655631000,
        "homeTeamName": "Qatar",
        "awayTeamName": "Ecuador",
        "homeTeamNameAlias": null,
        "awayTeamNameAlias": null,
        "homeAvatar": null,
        "awayAvatar": null,
        "homeScore": 1,
        "awayScore": 1,
        "tournamentId": "vf:tournament:15446",
        "tournamentName": "Virtual Football World Cup",
        "sportCategoryId": "sr:category:1111",
        "sportCategoryName": "Virtual Football",
        "periodScores": "[{\"awayScore\":0,\"homeScore\":0,\"period\":\"H1\",\"periodDescription\":\"1st half\",\"periodNumber\":1,\"periodType\":\"RegularPeriod\"},{\"awayScore\":1,\"homeScore\":1,\"period\":\"H2\",\"periodDescription\":\"2nd half\",\"periodNumber\":2,\"periodType\":\"RegularPeriod\"}]",
        "periodScoreList": [
          {
            "homeScore": 0,
            "awayScore": 0,
            "periodNumber": 1,
            "periodDescription": "1st half",
            "period": "H1",
            "periodType": "RegularPeriod"
          },
          {
            "homeScore": 1,
            "awayScore": 1,
            "periodNumber": 2,
            "periodDescription": "2nd half",
            "period": "H2",
            "periodType": "RegularPeriod"
          }
        ],
        "eventClock": null,
        "matchStatusDescription": "Ended",
        "matchStatus": "ended",
        "shortCode": 8071,
        "uts": null
      },
      {
        "producer": 6,
        "sportId": "sr:sport:1",
        "matchId": "vf:match:1382248560",
        "matchName": "Senegal vs. Netherlands",
        "scheduleTime": 1748655631000,
        "homeTeamName": "Senegal",
        "awayTeamName": "Netherlands",
        "homeTeamNameAlias": null,
        "awayTeamNameAlias": null,
        "homeAvatar": null,
        "awayAvatar": null,
        "homeScore": 1,
        "awayScore": 2,
        "tournamentId": "vf:tournament:15446",
        "tournamentName": "Virtual Football World Cup",
        "sportCategoryId": "sr:category:1111",
        "sportCategoryName": "Virtual Football",
        "periodScores": "[{\"awayScore\":0,\"homeScore\":1,\"period\":\"H1\",\"periodDescription\":\"1st half\",\"periodNumber\":1,\"periodType\":\"RegularPeriod\"},{\"awayScore\":2,\"homeScore\":0,\"period\":\"H2\",\"periodDescription\":\"2nd half\",\"periodNumber\":2,\"periodType\":\"RegularPeriod\"}]",
        "periodScoreList": [
          {
            "homeScore": 1,
            "awayScore": 0,
            "periodNumber": 1,
            "periodDescription": "1st half",
            "period": "H1",
            "periodType": "RegularPeriod"
          },
          {
            "homeScore": 0,
            "awayScore": 2,
            "periodNumber": 2,
            "periodDescription": "2nd half",
            "period": "H2",
            "periodType": "RegularPeriod"
          }
        ],
        "eventClock": null,
        "matchStatusDescription": "Ended",
        "matchStatus": "ended",
        "shortCode": 2030,
        "uts": null
      }
    ]
  },
  {
    "number": 1,
    "scheduleDate": 1748655851000,
    "matches": [
      {
        "producer": 6,
        "sportId": "sr:sport:1",
        "matchId": "vf:match:1382248571",
        "matchName": "Argentina vs. Saudi Arabia",
        "scheduleTime": 1748655851000,
        "homeTeamName": "Argentina",
        "awayTeamName": "Saudi Arabia",
        "homeTeamNameAlias": null,
        "awayTeamNameAlias": null,
        "homeAvatar": null,
        "awayAvatar": null,
        "homeScore": 3,
        "awayScore": 0,
        "tournamentId": "vf:tournament:15446",
        "tournamentName": "Virtual Football World Cup",
        "sportCategoryId": "sr:category:1111",
        "sportCategoryName": "Virtual Football",
        "periodScores": "[{\"awayScore\":0,\"homeScore\":1,\"period\":\"H1\",\"periodDescription\":\"1st half\",\"periodNumber\":1,\"periodType\":\"RegularPeriod\"},{\"awayScore\":0,\"homeScore\":2,\"period\":\"H2\",\"periodDescription\":\"2nd half\",\"periodNumber\":2,\"periodType\":\"RegularPeriod\"}]",
        "periodScoreList": [
          {
            "homeScore": 1,
            "awayScore": 0,
            "periodNumber": 1,
            "periodDescription": "1st half",
            "period": "H1",
            "periodType": "RegularPeriod"
          },
          {
            "homeScore": 2,
            "awayScore": 0,
            "periodNumber": 2,
            "periodDescription": "2nd half",
            "period": "H2",
            "periodType": "RegularPeriod"
          }
        ],
        "eventClock": null,
        "matchStatusDescription": "Ended",
        "matchStatus": "ended",
        "shortCode": 9944,
        "uts": null
      },
      {
        "producer": 6,
        "sportId": "sr:sport:1",
        "matchId": "vf:match:1382248572",
        "matchName": "Mexico vs. Poland",
        "scheduleTime": 1748655851000,
        "homeTeamName": "Mexico",
        "awayTeamName": "Poland",
        "homeTeamNameAlias": null,
        "awayTeamNameAlias": null,
        "homeAvatar": null,
        "awayAvatar": null,
        "homeScore": 1,
        "awayScore": 0,
        "tournamentId": "vf:tournament:15446",
        "tournamentName": "Virtual Football World Cup",
        "sportCategoryId": "sr:category:1111",
        "sportCategoryName": "Virtual Football",
        "periodScores": "[{\"awayScore\":0,\"homeScore\":0,\"period\":\"H1\",\"periodDescription\":\"1st half\",\"periodNumber\":1,\"periodType\":\"RegularPeriod\"},{\"awayScore\":0,\"homeScore\":1,\"period\":\"H2\",\"periodDescription\":\"2nd half\",\"periodNumber\":2,\"periodType\":\"RegularPeriod\"}]",
        "periodScoreList": [
          {
            "homeScore": 0,
            "awayScore": 0,
            "periodNumber": 1,
            "periodDescription": "1st half",
            "period": "H1",
            "periodType": "RegularPeriod"
          },
          {
            "homeScore": 1,
            "awayScore": 0,
            "periodNumber": 2,
            "periodDescription": "2nd half",
            "period": "H2",
            "periodType": "RegularPeriod"
          }
        ],
        "eventClock": null,
        "matchStatusDescription": "Ended",
        "matchStatus": "ended",
        "shortCode": 7697,
        "uts": null
      }
    ]
  },
  {
    "number": 1,
    "scheduleDate": 1748656071000,
    "matches": [
      {
        "producer": 6,
        "sportId": "sr:sport:1",
        "matchId": "vf:match:1382248583",
        "matchName": "Spain vs. Costa Rica",
        "scheduleTime": 1748656071000,
        "homeTeamName": "Spain",
        "awayTeamName": "Costa Rica",
        "homeTeamNameAlias": null,
        "awayTeamNameAlias": null,
        "homeAvatar": null,
        "awayAvatar": null,
        "homeScore": 1,
        "awayScore": 1,
        "tournamentId": "vf:tournament:15446",
        "tournamentName": "Virtual Football World Cup",
        "sportCategoryId": "sr:category:1111",
        "sportCategoryName": "Virtual Football",
        "periodScores": "[{\"awayScore\":0,\"homeScore\":1,\"period\":\"H1\",\"periodDescription\":\"1st half\",\"periodNumber\":1,\"periodType\":\"RegularPeriod\"},{\"awayScore\":1,\"homeScore\":0,\"period\":\"H2\",\"periodDescription\":\"2nd half\",\"periodNumber\":2,\"periodType\":\"RegularPeriod\"}]",
        "periodScoreList": [
          {
            "homeScore": 1,
            "awayScore": 0,
            "periodNumber": 1,
            "periodDescription": "1st half",
            "period": "H1",
            "periodType": "RegularPeriod"
          },
          {
            "homeScore": 0,
            "awayScore": 1,
            "periodNumber": 2,
            "periodDescription": "2nd half",
            "period": "H2",
            "periodType": "RegularPeriod"
          }
        ],
        "eventClock": null,
        "matchStatusDescription": "Ended",
        "matchStatus": "ended",
        "shortCode": 6875,
        "uts": null
      },
      {
        "producer": 6,
        "sportId": "sr:sport:1",
        "matchId": "vf:match:1382248584",
        "matchName": "Germany vs. Japan",
        "scheduleTime": 1748656071000,
        "homeTeamName": "Germany",
        "awayTeamName": "Japan",
        "homeTeamNameAlias": null,
        "awayTeamNameAlias": null,
        "homeAvatar": null,
        "awayAvatar": null,
        "homeScore": 1,
        "awayScore": 1,
        "tournamentId": "vf:tournament:15446",
        "tournamentName": "Virtual Football World Cup",
        "sportCategoryId": "sr:category:1111",
        "sportCategoryName": "Virtual Football",
        "periodScores": "[{\"awayScore\":1,\"homeScore\":0,\"period\":\"H1\",\"periodDescription\":\"1st half\",\"periodNumber\":1,\"periodType\":\"RegularPeriod\"},{\"awayScore\":0,\"homeScore\":1,\"period\":\"H2\",\"periodDescription\":\"2nd half\",\"periodNumber\":2,\"periodType\":\"RegularPeriod\"}]",
        "periodScoreList": [
          {
            "homeScore": 0,
            "awayScore": 1,
            "periodNumber": 1,
            "periodDescription": "1st half",
            "period": "H1",
            "periodType": "RegularPeriod"
          },
          {
            "homeScore": 1,
            "awayScore": 0,
            "periodNumber": 2,
            "periodDescription": "2nd half",
            "period": "H2",
            "periodType": "RegularPeriod"
          }
        ],
        "eventClock": null,
        "matchStatusDescription": "Ended",
        "matchStatus": "ended",
        "shortCode": 8394,
        "uts": null
      }
    ]
  },
  {
    "number": 1,
    "scheduleDate": 1748656291000,
    "matches": [
      {
        "producer": 6,
        "sportId": "sr:sport:1",
        "matchId": "vf:match:1382248595",
        "matchName": "Brazil vs. Serbia",
        "scheduleTime": 1748656291000,
        "homeTeamName": "Brazil",
        "awayTeamName": "Serbia",
        "homeTeamNameAlias": null,
        "awayTeamNameAlias": null,
        "homeAvatar": null,
        "awayAvatar": null,
        "homeScore": 4,
        "awayScore": 0,
        "tournamentId": "vf:tournament:15446",
        "tournamentName": "Virtual Football World Cup",
        "sportCategoryId": "sr:category:1111",
        "sportCategoryName": "Virtual Football",
        "periodScores": "[{\"awayScore\":0,\"homeScore\":1,\"period\":\"H1\",\"periodDescription\":\"1st half\",\"periodNumber\":1,\"periodType\":\"RegularPeriod\"},{\"awayScore\":0,\"homeScore\":3,\"period\":\"H2\",\"periodDescription\":\"2nd half\",\"periodNumber\":2,\"periodType\":\"RegularPeriod\"}]",
        "periodScoreList": [
          {
            "homeScore": 1,
            "awayScore": 0,
            "periodNumber": 1,
            "periodDescription": "1st half",
            "period": "H1",
            "periodType": "RegularPeriod"
          },
          {
            "homeScore": 3,
            "awayScore": 0,
            "periodNumber": 2,
            "periodDescription": "2nd half",
            "period": "H2",
            "periodType": "RegularPeriod"
          }
        ],
        "eventClock": null,
        "matchStatusDescription": "Ended",
        "matchStatus": "ended",
        "shortCode": 1661,
        "uts": null
      },
      {
        "producer": 6,
        "sportId": "sr:sport:1",
        "matchId": "vf:match:1382248596",
        "matchName": "Switzerland vs. Cameroon",
        "scheduleTime": 1748656291000,
        "homeTeamName": "Switzerland",
        "awayTeamName": "Cameroon",
        "homeTeamNameAlias": null,
        "awayTeamNameAlias": null,
        "homeAvatar": null,
        "awayAvatar": null,
        "homeScore": 2,
        "awayScore": 0,
        "tournamentId": "vf:tournament:15446",
        "tournamentName": "Virtual Football World Cup",
        "sportCategoryId": "sr:category:1111",
        "sportCategoryName": "Virtual Football",
        "periodScores": "[{\"awayScore\":0,\"homeScore\":0,\"period\":\"H1\",\"periodDescription\":\"1st half\",\"periodNumber\":1,\"periodType\":\"RegularPeriod\"},{\"awayScore\":0,\"homeScore\":2,\"period\":\"H2\",\"periodDescription\":\"2nd half\",\"periodNumber\":2,\"periodType\":\"RegularPeriod\"}]",
        "periodScoreList": [
          {
            "homeScore": 0,
            "awayScore": 0,
            "periodNumber": 1,
            "periodDescription": "1st half",
            "period": "H1",
            "periodType": "RegularPeriod"
          },
          {
            "homeScore": 2,
            "awayScore": 0,
            "periodNumber": 2,
            "periodDescription": "2nd half",
            "period": "H2",
            "periodType": "RegularPeriod"
          }
        ],
        "eventClock": null,
        "matchStatusDescription": "Ended",
        "matchStatus": "ended",
        "shortCode": 2010,
        "uts": null
      }
    ]
  },
  {
    "number": 2,
    "scheduleDate": 1748656511000,
    "matches": [
      {
        "producer": 6,
        "sportId": "sr:sport:1",
        "matchId": "vf:match:1382248561",
        "matchName": "Qatar vs. Senegal",
        "scheduleTime": 1748656511000,
        "homeTeamName": "Qatar",
        "awayTeamName": "Senegal",
        "homeTeamNameAlias": null,
        "awayTeamNameAlias": null,
        "homeAvatar": null,
        "awayAvatar": null,
        "homeScore": 2,
        "awayScore": 0,
        "tournamentId": "vf:tournament:15446",
        "tournamentName": "Virtual Football World Cup",
        "sportCategoryId": "sr:category:1111",
        "sportCategoryName": "Virtual Football",
        "periodScores": "[{\"awayScore\":0,\"homeScore\":2,\"period\":\"H1\",\"periodDescription\":\"1st half\",\"periodNumber\":1,\"periodType\":\"RegularPeriod\"},{\"awayScore\":0,\"homeScore\":0,\"period\":\"H2\",\"periodDescription\":\"2nd half\",\"periodNumber\":2,\"periodType\":\"RegularPeriod\"}]",
        "periodScoreList": [
          {
            "homeScore": 2,
            "awayScore": 0,
            "periodNumber": 1,
            "periodDescription": "1st half",
            "period": "H1",
            "periodType": "RegularPeriod"
          },
          {
            "homeScore": 0,
            "awayScore": 0,
            "periodNumber": 2,
            "periodDescription": "2nd half",
            "period": "H2",
            "periodType": "RegularPeriod"
          }
        ],
        "eventClock": null,
        "matchStatusDescription": "Ended",
        "matchStatus": "ended",
        "shortCode": 4030,
        "uts": null
      },
      {
        "producer": 6,
        "sportId": "sr:sport:1",
        "matchId": "vf:match:1382248562",
        "matchName": "Netherlands vs. Ecuador",
        "scheduleTime": 1748656511000,
        "homeTeamName": "Netherlands",
        "awayTeamName": "Ecuador",
        "homeTeamNameAlias": null,
        "awayTeamNameAlias": null,
        "homeAvatar": null,
        "awayAvatar": null,
        "homeScore": 1,
        "awayScore": 3,
        "tournamentId": "vf:tournament:15446",
        "tournamentName": "Virtual Football World Cup",
        "sportCategoryId": "sr:category:1111",
        "sportCategoryName": "Virtual Football",
        "periodScores": "[{\"awayScore\":2,\"homeScore\":0,\"period\":\"H1\",\"periodDescription\":\"1st half\",\"periodNumber\":1,\"periodType\":\"RegularPeriod\"},{\"awayScore\":1,\"homeScore\":1,\"period\":\"H2\",\"periodDescription\":\"2nd half\",\"periodNumber\":2,\"periodType\":\"RegularPeriod\"}]",
        "periodScoreList": [
          {
            "homeScore": 0,
            "awayScore": 2,
            "periodNumber": 1,
            "periodDescription": "1st half",
            "period": "H1",
            "periodType": "RegularPeriod"
          },
          {
            "homeScore": 1,
            "awayScore": 1,
            "periodNumber": 2,
            "periodDescription": "2nd half",
            "period": "H2",
            "periodType": "RegularPeriod"
          }
        ],
        "eventClock": null,
        "matchStatusDescription": "Ended",
        "matchStatus": "ended",
        "shortCode": 1214,
        "uts": null
      }
    ]
  },
  {
    "number": 2,
    "scheduleDate": 1748656731000,
    "matches": [
      {
        "producer": 6,
        "sportId": "sr:sport:1",
        "matchId": "vf:match:1382248573",
        "matchName": "Argentina vs. Mexico",
        "scheduleTime": 1748656731000,
        "homeTeamName": "Argentina",
        "awayTeamName": "Mexico",
        "homeTeamNameAlias": null,
        "awayTeamNameAlias": null,
        "homeAvatar": null,
        "awayAvatar": null,
        "homeScore": 1,
        "awayScore": 0,
        "tournamentId": "vf:tournament:15446",
        "tournamentName": "Virtual Football World Cup",
        "sportCategoryId": "sr:category:1111",
        "sportCategoryName": "Virtual Football",
        "periodScores": "[{\"awayScore\":0,\"homeScore\":0,\"period\":\"H1\",\"periodDescription\":\"1st half\",\"periodNumber\":1,\"periodType\":\"RegularPeriod\"},{\"awayScore\":0,\"homeScore\":1,\"period\":\"H2\",\"periodDescription\":\"2nd half\",\"periodNumber\":2,\"periodType\":\"RegularPeriod\"}]",
        "periodScoreList": [
          {
            "homeScore": 0,
            "awayScore": 0,
            "periodNumber": 1,
            "periodDescription": "1st half",
            "period": "H1",
            "periodType": "RegularPeriod"
          },
          {
            "homeScore": 1,
            "awayScore": 0,
            "periodNumber": 2,
            "periodDescription": "2nd half",
            "period": "H2",
            "periodType": "RegularPeriod"
          }
        ],
        "eventClock": null,
        "matchStatusDescription": "Ended",
        "matchStatus": "ended",
        "shortCode": 6955,
        "uts": null
      },
      {
        "producer": 6,
        "sportId": "sr:sport:1",
        "matchId": "vf:match:1382248574",
        "matchName": "Poland vs. Saudi Arabia",
        "scheduleTime": 1748656731000,
        "homeTeamName": "Poland",
        "awayTeamName": "Saudi Arabia",
        "homeTeamNameAlias": null,
        "awayTeamNameAlias": null,
        "homeAvatar": null,
        "awayAvatar": null,
        "homeScore": 5,
        "awayScore": 0,
        "tournamentId": "vf:tournament:15446",
        "tournamentName": "Virtual Football World Cup",
        "sportCategoryId": "sr:category:1111",
        "sportCategoryName": "Virtual Football",
        "periodScores": "[{\"awayScore\":0,\"homeScore\":4,\"period\":\"H1\",\"periodDescription\":\"1st half\",\"periodNumber\":1,\"periodType\":\"RegularPeriod\"},{\"awayScore\":0,\"homeScore\":1,\"period\":\"H2\",\"periodDescription\":\"2nd half\",\"periodNumber\":2,\"periodType\":\"RegularPeriod\"}]",
        "periodScoreList": [
          {
            "homeScore": 4,
            "awayScore": 0,
            "periodNumber": 1,
            "periodDescription": "1st half",
            "period": "H1",
            "periodType": "RegularPeriod"
          },
          {
            "homeScore": 1,
            "awayScore": 0,
            "periodNumber": 2,
            "periodDescription": "2nd half",
            "period": "H2",
            "periodType": "RegularPeriod"
          }
        ],
        "eventClock": null,
        "matchStatusDescription": "Ended",
        "matchStatus": "ended",
        "shortCode": 5074,
        "uts": null
      }
    ]
  },
  {
    "number": 2,
    "scheduleDate": 1748656951000,
    "matches": [
      {
        "producer": 6,
        "sportId": "sr:sport:1",
        "matchId": "vf:match:1382248585",
        "matchName": "Spain vs. Germany",
        "scheduleTime": 1748656951000,
        "homeTeamName": "Spain",
        "awayTeamName": "Germany",
        "homeTeamNameAlias": null,
        "awayTeamNameAlias": null,
        "homeAvatar": null,
        "awayAvatar": null,
        "homeScore": 1,
        "awayScore": 1,
        "tournamentId": "vf:tournament:15446",
        "tournamentName": "Virtual Football World Cup",
        "sportCategoryId": "sr:category:1111",
        "sportCategoryName": "Virtual Football",
        "periodScores": "[{\"awayScore\":1,\"homeScore\":1,\"period\":\"H1\",\"periodDescription\":\"1st half\",\"periodNumber\":1,\"periodType\":\"RegularPeriod\"},{\"awayScore\":0,\"homeScore\":0,\"period\":\"H2\",\"periodDescription\":\"2nd half\",\"periodNumber\":2,\"periodType\":\"RegularPeriod\"}]",
        "periodScoreList": [
          {
            "homeScore": 1,
            "awayScore": 1,
            "periodNumber": 1,
            "periodDescription": "1st half",
            "period": "H1",
            "periodType": "RegularPeriod"
          },
          {
            "homeScore": 0,
            "awayScore": 0,
            "periodNumber": 2,
            "periodDescription": "2nd half",
            "period": "H2",
            "periodType": "RegularPeriod"
          }
        ],
        "eventClock": null,
        "matchStatusDescription": "Ended",
        "matchStatus": "ended",
        "shortCode": 2432,
        "uts": null
      },
      {
        "producer": 6,
        "sportId": "sr:sport:1",
        "matchId": "vf:match:1382248586",
        "matchName": "Japan vs. Costa Rica",
        "scheduleTime": 1748656951000,
        "homeTeamName": "Japan",
        "awayTeamName": "Costa Rica",
        "homeTeamNameAlias": null,
        "awayTeamNameAlias": null,
        "homeAvatar": null,
        "awayAvatar": null,
        "homeScore": 0,
        "awayScore": 3,
        "tournamentId": "vf:tournament:15446",
        "tournamentName": "Virtual Football World Cup",
        "sportCategoryId": "sr:category:1111",
        "sportCategoryName": "Virtual Football",
        "periodScores": "[{\"awayScore\":2,\"homeScore\":0,\"period\":\"H1\",\"periodDescription\":\"1st half\",\"periodNumber\":1,\"periodType\":\"RegularPeriod\"},{\"awayScore\":1,\"homeScore\":0,\"period\":\"H2\",\"periodDescription\":\"2nd half\",\"periodNumber\":2,\"periodType\":\"RegularPeriod\"}]",
        "periodScoreList": [
          {
            "homeScore": 0,
            "awayScore": 2,
            "periodNumber": 1,
            "periodDescription": "1st half",
            "period": "H1",
            "periodType": "RegularPeriod"
          },
          {
            "homeScore": 0,
            "awayScore": 1,
            "periodNumber": 2,
            "periodDescription": "2nd half",
            "period": "H2",
            "periodType": "RegularPeriod"
          }
        ],
        "eventClock": null,
        "matchStatusDescription": "Ended",
        "matchStatus": "ended",
        "shortCode": 7183,
        "uts": null
      }
    ]
  },
  {
    "number": 2,
    "scheduleDate": 1748657171000,
    "matches": [
      {
        "producer": 6,
        "sportId": "sr:sport:1",
        "matchId": "vf:match:1382248597",
        "matchName": "Brazil vs. Switzerland",
        "scheduleTime": 1748657171000,
        "homeTeamName": "Brazil",
        "awayTeamName": "Switzerland",
        "homeTeamNameAlias": null,
        "awayTeamNameAlias": null,
        "homeAvatar": null,
        "awayAvatar": null,
        "homeScore": 2,
        "awayScore": 1,
        "tournamentId": "vf:tournament:15446",
        "tournamentName": "Virtual Football World Cup",
        "sportCategoryId": "sr:category:1111",
        "sportCategoryName": "Virtual Football",
        "periodScores": "[{\"awayScore\":0,\"homeScore\":1,\"period\":\"H1\",\"periodDescription\":\"1st half\",\"periodNumber\":1,\"periodType\":\"RegularPeriod\"},{\"awayScore\":1,\"homeScore\":1,\"period\":\"H2\",\"periodDescription\":\"2nd half\",\"periodNumber\":2,\"periodType\":\"RegularPeriod\"}]",
        "periodScoreList": [
          {
            "homeScore": 1,
            "awayScore": 0,
            "periodNumber": 1,
            "periodDescription": "1st half",
            "period": "H1",
            "periodType": "RegularPeriod"
          },
          {
            "homeScore": 1,
            "awayScore": 1,
            "periodNumber": 2,
            "periodDescription": "2nd half",
            "period": "H2",
            "periodType": "RegularPeriod"
          }
        ],
        "eventClock": null,
        "matchStatusDescription": "Ended",
        "matchStatus": "ended",
        "shortCode": 2532,
        "uts": null
      },
      {
        "producer": 6,
        "sportId": "sr:sport:1",
        "matchId": "vf:match:1382248598",
        "matchName": "Cameroon vs. Serbia",
        "scheduleTime": 1748657171000,
        "homeTeamName": "Cameroon",
        "awayTeamName": "Serbia",
        "homeTeamNameAlias": null,
        "awayTeamNameAlias": null,
        "homeAvatar": null,
        "awayAvatar": null,
        "homeScore": 1,
        "awayScore": 0,
        "tournamentId": "vf:tournament:15446",
        "tournamentName": "Virtual Football World Cup",
        "sportCategoryId": "sr:category:1111",
        "sportCategoryName": "Virtual Football",
        "periodScores": "[{\"awayScore\":0,\"homeScore\":0,\"period\":\"H1\",\"periodDescription\":\"1st half\",\"periodNumber\":1,\"periodType\":\"RegularPeriod\"},{\"awayScore\":0,\"homeScore\":1,\"period\":\"H2\",\"periodDescription\":\"2nd half\",\"periodNumber\":2,\"periodType\":\"RegularPeriod\"}]",
        "periodScoreList": [
          {
            "homeScore": 0,
            "awayScore": 0,
            "periodNumber": 1,
            "periodDescription": "1st half",
            "period": "H1",
            "periodType": "RegularPeriod"
          },
          {
            "homeScore": 1,
            "awayScore": 0,
            "periodNumber": 2,
            "periodDescription": "2nd half",
            "period": "H2",
            "periodType": "RegularPeriod"
          }
        ],
        "eventClock": null,
        "matchStatusDescription": "Ended",
        "matchStatus": "ended",
        "shortCode": 9165,
        "uts": null
      }
    ]
  },
  {
    "number": 3,
    "scheduleDate": 1748657391000,
    "matches": [
      {
        "producer": 6,
        "sportId": "sr:sport:1",
        "matchId": "vf:match:1382248563",
        "matchName": "Netherlands vs. Qatar",
        "scheduleTime": 1748657391000,
        "homeTeamName": "Netherlands",
        "awayTeamName": "Qatar",
        "homeTeamNameAlias": null,
        "awayTeamNameAlias": null,
        "homeAvatar": null,
        "awayAvatar": null,
        "homeScore": 2,
        "awayScore": 1,
        "tournamentId": "vf:tournament:15446",
        "tournamentName": "Virtual Football World Cup",
        "sportCategoryId": "sr:category:1111",
        "sportCategoryName": "Virtual Football",
        "periodScores": "[{\"awayScore\":1,\"homeScore\":1,\"period\":\"H1\",\"periodDescription\":\"1st half\",\"periodNumber\":1,\"periodType\":\"RegularPeriod\"},{\"awayScore\":0,\"homeScore\":1,\"period\":\"H2\",\"periodDescription\":\"2nd half\",\"periodNumber\":2,\"periodType\":\"RegularPeriod\"}]",
        "periodScoreList": [
          {
            "homeScore": 1,
            "awayScore": 1,
            "periodNumber": 1,
            "periodDescription": "1st half",
            "period": "H1",
            "periodType": "RegularPeriod"
          },
          {
            "homeScore": 1,
            "awayScore": 0,
            "periodNumber": 2,
            "periodDescription": "2nd half",
            "period": "H2",
            "periodType": "RegularPeriod"
          }
        ],
        "eventClock": null,
        "matchStatusDescription": "Ended",
        "matchStatus": "ended",
        "shortCode": 9054,
        "uts": null
      },
      {
        "producer": 6,
        "sportId": "sr:sport:1",
        "matchId": "vf:match:1382248564",
        "matchName": "Ecuador vs. Senegal",
        "scheduleTime": 1748657391000,
        "homeTeamName": "Ecuador",
        "awayTeamName": "Senegal",
        "homeTeamNameAlias": null,
        "awayTeamNameAlias": null,
        "homeAvatar": null,
        "awayAvatar": null,
        "homeScore": 0,
        "awayScore": 0,
        "tournamentId": "vf:tournament:15446",
        "tournamentName": "Virtual Football World Cup",
        "sportCategoryId": "sr:category:1111",
        "sportCategoryName": "Virtual Football",
        "periodScores": "[{\"awayScore\":0,\"homeScore\":0,\"period\":\"H1\",\"periodDescription\":\"1st half\",\"periodNumber\":1,\"periodType\":\"RegularPeriod\"},{\"awayScore\":0,\"homeScore\":0,\"period\":\"H2\",\"periodDescription\":\"2nd half\",\"periodNumber\":2,\"periodType\":\"RegularPeriod\"}]",
        "periodScoreList": [
          {
            "homeScore": 0,
            "awayScore": 0,
            "periodNumber": 1,
            "periodDescription": "1st half",
            "period": "H1",
            "periodType": "RegularPeriod"
          },
          {
            "homeScore": 0,
            "awayScore": 0,
            "periodNumber": 2,
            "periodDescription": "2nd half",
            "period": "H2",
            "periodType": "RegularPeriod"
          }
        ],
        "eventClock": null,
        "matchStatusDescription": "Ended",
        "matchStatus": "ended",
        "shortCode": 1614,
        "uts": null
      }
    ]
  }
]