[
  {
    "team": "Brazil",
    "P": 2,
    "W": 2,
    "D": 0,
    "L": 0,
    "GF": 6,
    "GA": 1,
    "GD": 5,
    "PTS": 6
  },
  {
    "team": "Argentina",
    "P": 2,
    "W": 2,
    "D": 0,
    "L": 0,
    "GF": 4,
    "GA": 0,
    "GD": 4,
    "PTS": 6
  },
  {
    "team": "Netherlands",
    "P": 3,
    "W": 2,
    "D": 0,
    "L": 1,
    "GF": 5,
    "GA": 5,
    "GD": 0,
    "PTS": 6
  },
  {
    "team": "Ecuador",
    "P": 3,
    "W": 1,
    "D": 2,
    "L": 0,
    "GF": 4,
    "GA": 2,
    "GD": 2,
    "PTS": 5
  },
  {
    "team": "Costa Rica",
    "P": 2,
    "W": 1,
    "D": 1,
    "L": 0,
    "GF": 4,
    "GA": 1,
    "GD": 3,
    "PTS": 4
  },
  {
    "team": "Qatar",
    "P": 3,
    "W": 1,
    "D": 1,
    "L": 1,
    "GF": 4,
    "GA": 3,
    "GD": 1,
    "PTS": 4
  },
  {
    "team": "Poland",
    "P": 2,
    "W": 1,
    "D": 0,
    "L": 1,
    "GF": 5,
    "GA": 1,
    "GD": 4,
    "PTS": 3
  },
  {
    "team": "Switzerland",
    "P": 2,
    "W": 1,
    "D": 0,
    "L": 1,
    "GF": 3,
    "GA": 2,
    "GD": 1,
    "PTS": 3
  },
  {
    "team": "Mexico",
    "P": 2,
    "W": 1,
    "D": 0,
    "L": 1,
    "GF": 1,
    "GA": 1,
    "GD": 0,
    "PTS": 3
  },
  {
    "team": "Cameroon",
    "P": 2,
    "W": 1,
    "D": 0,
    "L": 1,
    "GF": 1,
    "GA": 2,
    "GD": -1,
    "PTS": 3
  },
  {
    "team": "Spain",
    "P": 2,
    "W": 0,
    "D": 2,
    "L": 0,
    "GF": 2,
    "GA": 2,
    "GD": 0,
    "PTS": 2
  },
  {
    "team": "Germany",
    "P": 2,
    "W": 0,
    "D": 2,
    "L": 0,
    "GF": 2,
    "GA": 2,
    "GD": 0,
    "PTS": 2
  },
  {
    "team": "Senegal",
    "P": 3,
    "W": 0,
    "D": 1,
    "L": 2,
    "GF": 1,
    "GA": 4,
    "GD": -3,
    "PTS": 1
  },
  {
    "team": "Japan",
    "P": 2,
    "W": 0,
    "D": 1,
    "L": 1,
    "GF": 1,
    "GA": 4,
    "GD": -3,
    "PTS": 1
  },
  {
    "team": "Serbia",
    "P": 2,
    "W": 0,
    "D": 0,
    "L": 2,
    "GF": 0,
    "GA": 5,
    "GD": -5,
    "PTS": 0
  },
  {
    "team": "Saudi Arabia",
    "P": 2,
    "W": 0,
    "D": 0,
    "L": 2,
    "GF": 0,
    "GA": 8,
    "GD": -8,
    "PTS": 0
  }
]