[
  {
    "sportId": "sr:sport:1",
    "eventId": "vf:match:1383742819",
    "producer": 6,
    "marketId": "1",
    "specifiers": "",
    "outcomeId": "1",
    "amount": 100,
    "odds": 1.85,
    "specifierKeys": "",
    "eventName": "FC Augsburg vs. Hamburger SV",
    "scheduledTime": 1751122411000,
    "marketName": "1x2",
    "outcomeName": "FC Augsburg",
    "categoryId": "sr:category:1111",
    "tournamentId": "vf:tournament:34616",
    "placedAt": "2025-06-28T14:50:58.565Z"
  },
  {
    "sportId": "sr:sport:1",
    "eventId": "vf:match:1383932072",
    "producer": 6,
    "marketId": "1",
    "specifiers": "",
    "outcomeId": "1",
    "amount": 100,
    "odds": 2.05,
    "specifierKeys": "",
    "eventName": "West Ham vs. Crystal Palace",
    "scheduledTime": 1751407092000,
    "marketName": "1x2",
    "outcomeName": "West Ham",
    "categoryId": "sr:category:1111",
    "tournamentId": "vf:tournament:31867",
    "placedAt": "2025-07-01T21:57:48.405Z"
  },
  {
    "sportId": "sr:sport:1",
    "eventId": "vf:match:1383932086",
    "producer": 6,
    "marketId": "1",
    "specifiers": "",
    "outcomeId": "1",
    "amount": 100,
    "odds": 2,
    "specifierKeys": "",
    "eventName": "West Ham vs. Southampton",
    "scheduledTime": 1751407532000,
    "marketName": "1x2",
    "outcomeName": "West Ham",
    "categoryId": "sr:category:1111",
    "tournamentId": "vf:tournament:31867",
    "placedAt": "2025-07-01T22:03:23.739Z"
  },
  {
    "sportId": "sr:sport:1",
    "eventId": "vf:match:1383934550",
    "producer": 6,
    "marketId": "1",
    "specifiers": "",
    "outcomeId": "1",
    "amount": 100,
    "odds": 2.35,
    "specifierKeys": "",
    "eventName": "VL Athens vs. VL Zagreb",
    "scheduledTime": 1751409334000,
    "marketName": "1x2",
    "outcomeName": "VL Athens",
    "categoryId": "sr:category:1111",
    "tournamentId": "vf:tournament:14149",
    "placedAt": "2025-07-01T22:35:15.548Z"
  },
  {
    "sportId": "sr:sport:1",
    "eventId": "vf:match:1383934347",
    "producer": 6,
    "marketId": "1",
    "specifiers": "",
    "outcomeId": "1",
    "amount": 100,
    "odds": 2.15,
    "specifierKeys": "",
    "eventName": "FC Schalke 04 vs. VfL Wolfsburg",
    "scheduledTime": 1751410211000,
    "marketName": "1x2",
    "outcomeName": "FC Schalke 04",
    "categoryId": "sr:category:1111",
    "tournamentId": "vf:tournament:34616",
    "placedAt": "2025-07-01T22:47:07.631Z"
  },
  {
    "sportId": "sr:sport:1",
    "eventId": "vf:match:1383934360",
    "producer": 6,
    "marketId": "1",
    "specifiers": "",
    "outcomeId": "1",
    "amount": 100,
    "odds": 1.95,
    "specifierKeys": "",
    "eventName": "FC Schalke 04 vs. VfB Stuttgart",
    "scheduledTime": 1751410651000,
    "marketName": "1x2",
    "outcomeName": "FC Schalke 04",
    "categoryId": "sr:category:1111",
    "tournamentId": "vf:tournament:34616",
    "placedAt": "2025-07-01T22:55:06.394Z"
  },
  {
    "sportId": "sr:sport:1",
    "eventId": "vf:match:1383934400",
    "producer": 6,
    "marketId": "1",
    "specifiers": "",
    "outcomeId": "1",
    "amount": 100,
    "odds": 1.85,
    "specifierKeys": "",
    "eventName": "1. FSV Mainz 05 vs. SV Werder Bremen",
    "scheduledTime": 1751411751000,
    "marketName": "1x2",
    "outcomeName": "1. FSV Mainz 05",
    "categoryId": "sr:category:1111",
    "tournamentId": "vf:tournament:34616",
    "placedAt": "2025-07-01T23:15:09.296Z"
  },
  {
    "sportId": "sr:sport:1",
    "eventId": "vf:match:1383934649",
    "producer": 6,
    "marketId": "1",
    "specifiers": "",
    "outcomeId": "1",
    "amount": 100,
    "odds": 1.9,
    "specifierKeys": "",
    "eventName": "VL Athens vs. VL Kiev",
    "scheduledTime": 1751411974000,
    "marketName": "1x2",
    "outcomeName": "VL Athens",
    "categoryId": "sr:category:1111",
    "tournamentId": "vf:tournament:14149",
    "placedAt": "2025-07-01T23:17:10.051Z"
  },
  {
    "sportId": "sr:sport:1",
    "eventId": "vf:match:1383936625",
    "producer": 6,
    "marketId": "1",
    "specifiers": "",
    "outcomeId": "1",
    "amount": 100,
    "odds": 1.9,
    "specifierKeys": "",
    "eventName": "Burnley vs. Crystal Palace",
    "scheduledTime": 1751413152000,
    "marketName": "1x2",
    "outcomeName": "Burnley",
    "categoryId": "sr:category:1111",
    "tournamentId": "vf:tournament:31867",
    "placedAt": "2025-07-01T23:39:15.304Z"
  },
  {
    "sportId": "sr:sport:1",
    "eventId": "vf:match:1383936632",
    "producer": 6,
    "marketId": "1",
    "specifiers": "",
    "outcomeId": "1",
    "amount": 100,
    "odds": 2.2,
    "specifierKeys": "",
    "eventName": "Burnley vs. Southampton",
    "scheduledTime": 1751413372000,
    "marketName": "1x2",
    "outcomeName": "Burnley",
    "categoryId": "sr:category:1111",
    "tournamentId": "vf:tournament:31867",
    "placedAt": "2025-07-01T23:41:11.916Z"
  },
  {
    "sportId": "sr:sport:1",
    "eventId": "vf:match:1383936647",
    "producer": 6,
    "marketId": "1",
    "specifiers": "",
    "outcomeId": "1",
    "amount": 100,
    "odds": 1.85,
    "specifierKeys": "",
    "eventName": "Burnley vs. Newcastle",
    "scheduledTime": 1751413812000,
    "marketName": "1x2",
    "outcomeName": "Burnley",
    "categoryId": "sr:category:1111",
    "tournamentId": "vf:tournament:31867",
    "placedAt": "2025-07-01T23:49:14.033Z"
  },
  {
    "sportId": "sr:sport:1",
    "eventId": "vf:match:1383936674",
    "producer": 6,
    "marketId": "1",
    "specifiers": "",
    "outcomeId": "1",
    "amount": 100,
    "odds": 2.15,
    "specifierKeys": "",
    "eventName": "Burnley vs. West Ham",
    "scheduledTime": 1751414472000,
    "marketName": "1x2",
    "outcomeName": "Burnley",
    "categoryId": "sr:category:1111",
    "tournamentId": "vf:tournament:31867",
    "placedAt": "2025-07-01T23:59:14.816Z"
  },
  {
    "sportId": "sr:sport:1",
    "eventId": "vf:match:1383937892",
    "producer": 6,
    "marketId": "1",
    "specifiers": "",
    "outcomeId": "1",
    "amount": 100,
    "odds": 1.75,
    "specifierKeys": "",
    "eventName": "Eintracht Frankfurt vs. SC Freiburg",
    "scheduledTime": 1751415831000,
    "marketName": "1x2",
    "outcomeName": "Eintracht Frankfurt",
    "categoryId": "sr:category:1111",
    "tournamentId": "vf:tournament:34616",
    "placedAt": "2025-07-02T00:21:07.708Z"
  },
  {
    "sportId": "sr:sport:1",
    "eventId": "vf:match:1383937889",
    "producer": 6,
    "marketId": "1",
    "specifiers": "",
    "outcomeId": "1",
    "amount": 100,
    "odds": 1.75,
    "specifierKeys": "",
    "eventName": "1. FSV Mainz 05 vs. Hannover 96",
    "scheduledTime": 1751415831000,
    "marketName": "1x2",
    "outcomeName": "1. FSV Mainz 05",
    "categoryId": "sr:category:1111",
    "tournamentId": "vf:tournament:34616",
    "placedAt": "2025-07-02T00:23:08.868Z"
  },
  {
    "sportId": "sr:sport:1",
    "eventId": "vf:match:1383938223",
    "producer": 6,
    "marketId": "1",
    "specifiers": "",
    "outcomeId": "1",
    "amount": 100,
    "odds": 2.35,
    "specifierKeys": "",
    "eventName": "VL Moscow vs. VL Lisbon",
    "scheduledTime": 1751418474000,
    "marketName": "1x2",
    "outcomeName": "VL Moscow",
    "categoryId": "sr:category:1111",
    "tournamentId": "vf:tournament:14149",
    "placedAt": "2025-07-02T01:07:09.265Z"
  },
  {
    "sportId": "sr:sport:1",
    "eventId": "vf:match:1383940110",
    "producer": 6,
    "marketId": "1",
    "specifiers": "",
    "outcomeId": "1",
    "amount": 100,
    "odds": 1.85,
    "specifierKeys": "",
    "eventName": "Watford vs. Leicester",
    "scheduledTime": 1751420752000,
    "marketName": "1x2",
    "outcomeName": "Watford",
    "categoryId": "sr:category:1111",
    "tournamentId": "vf:tournament:31867",
    "placedAt": "2025-07-02T01:43:13.162Z"
  },
  {
    "sportId": "sr:sport:1",
    "eventId": "vf:match:1383942507",
    "producer": 6,
    "marketId": "1",
    "specifiers": "",
    "outcomeId": "1",
    "amount": 100,
    "odds": 1.95,
    "specifierKeys": "",
    "eventName": "VL Zagreb vs. VL Copenhagen",
    "scheduledTime": 1751423214000,
    "marketName": "1x2",
    "outcomeName": "VL Zagreb",
    "categoryId": "sr:category:1111",
    "tournamentId": "vf:tournament:14149",
    "placedAt": "2025-07-02T02:25:09.127Z"
  },
  {
    "sportId": "sr:sport:1",
    "eventId": "vf:match:1383942290",
    "producer": 6,
    "marketId": "1",
    "specifiers": "",
    "outcomeId": "1",
    "amount": 100,
    "odds": 1.75,
    "specifierKeys": "",
    "eventName": "VfL Wolfsburg vs. FC Augsburg",
    "scheduledTime": 1751423871000,
    "marketName": "1x2",
    "outcomeName": "VfL Wolfsburg",
    "categoryId": "sr:category:1111",
    "tournamentId": "vf:tournament:34616",
    "placedAt": "2025-07-02T02:37:05.931Z"
  },
  {
    "sportId": "sr:sport:1",
    "eventId": "vf:match:1383942347",
    "producer": 6,
    "marketId": "1",
    "specifiers": "",
    "outcomeId": "1",
    "amount": 100,
    "odds": 1.75,
    "specifierKeys": "",
    "eventName": "1. FSV Mainz 05 vs. Hannover 96",
    "scheduledTime": 1751425411000,
    "marketName": "1x2",
    "outcomeName": "1. FSV Mainz 05",
    "categoryId": "sr:category:1111",
    "tournamentId": "vf:tournament:34616",
    "placedAt": "2025-07-02T03:02:17.816Z"
  },
  {
    "sportId": "sr:sport:1",
    "eventId": "vf:match:1383944393",
    "producer": 6,
    "marketId": "1",
    "specifiers": "",
    "outcomeId": "1",
    "amount": 100,
    "odds": 1.8,
    "specifierKeys": "",
    "eventName": "Everton vs. Burnley",
    "scheduledTime": 1751427032000,
    "marketName": "1x2",
    "outcomeName": "Everton",
    "categoryId": "sr:category:1111",
    "tournamentId": "vf:tournament:31867",
    "placedAt": "2025-07-02T03:27:07.506Z"
  },
  {
    "sportId": "sr:sport:1",
    "eventId": "vf:match:1384033658",
    "producer": 6,
    "marketId": "1",
    "specifiers": "",
    "outcomeId": "3",
    "amount": 100,
    "odds": 1.5,
    "specifierKeys": "",
    "eventName": "Newcastle vs. Liverpool",
    "scheduledTime": 1751573112000,
    "marketName": "1x2",
    "outcomeName": "Liverpool",
    "categoryId": "sr:category:1111",
    "tournamentId": "vf:tournament:31867",
    "placedAt": "2025-07-03T20:03:40.572Z"
  },
  {
    "sportId": "sr:sport:1",
    "eventId": "vf:match:1384031692",
    "producer": 6,
    "marketId": "1",
    "specifiers": "",
    "outcomeId": "3",
    "amount": 100,
    "odds": 1.55,
    "specifierKeys": "",
    "eventName": "VL Prague vs. VL Madrid",
    "scheduledTime": 1751573034000,
    "marketName": "1x2",
    "outcomeName": "VL Madrid",
    "categoryId": "sr:category:1111",
    "tournamentId": "vf:tournament:14149",
    "placedAt": "2025-07-03T20:03:41.701Z"
  },
  {
    "sportId": "sr:sport:1",
    "eventId": "vf:match:1384031691",
    "producer": 6,
    "marketId": "1",
    "specifiers": "",
    "outcomeId": "3",
    "amount": 100,
    "odds": 1.55,
    "specifierKeys": "",
    "eventName": "VL Ankara vs. VL London",
    "scheduledTime": 1751573034000,
    "marketName": "1x2",
    "outcomeName": "VL London",
    "categoryId": "sr:category:1111",
    "tournamentId": "vf:tournament:14149",
    "placedAt": "2025-07-03T20:03:42.512Z"
  },
  {
    "sportId": "sr:sport:1",
    "eventId": "vf:match:1384031450",
    "producer": 6,
    "marketId": "1",
    "specifiers": "",
    "outcomeId": "1",
    "amount": 100,
    "odds": 1.65,
    "specifierKeys": "",
    "eventName": "FC Schalke 04 vs. Hamburger SV",
    "scheduledTime": 1751573031000,
    "marketName": "1x2",
    "outcomeName": "FC Schalke 04",
    "categoryId": "sr:category:1111",
    "tournamentId": "vf:tournament:34616",
    "placedAt": "2025-07-03T20:03:46.224Z"
  },
  {
    "sportId": "sr:sport:1",
    "eventId": "vf:match:1384031448",
    "producer": 6,
    "marketId": "1",
    "specifiers": "",
    "outcomeId": "1",
    "amount": 100,
    "odds": 1.65,
    "specifierKeys": "",
    "eventName": "FC Bayern München vs. Eintracht Frankfurt",
    "scheduledTime": 1751573031000,
    "marketName": "1x2",
    "outcomeName": "FC Bayern München",
    "categoryId": "sr:category:1111",
    "tournamentId": "vf:tournament:34616",
    "placedAt": "2025-07-03T20:03:50.141Z"
  },
  {
    "sportId": "sr:sport:1",
    "eventId": "vf:match:1384031456",
    "producer": 6,
    "marketId": "1",
    "specifiers": "",
    "outcomeId": "3",
    "amount": 100,
    "odds": 1.6,
    "specifierKeys": "",
    "eventName": "VfB Stuttgart vs. Borussia M'gladbach",
    "scheduledTime": 1751573251000,
    "marketName": "1x2",
    "outcomeName": "Borussia M'gladbach",
    "categoryId": "sr:category:1111",
    "tournamentId": "vf:tournament:34616",
    "placedAt": "2025-07-03T20:05:35.468Z"
  },
  {
    "sportId": "sr:sport:1",
    "eventId": "vf:match:1384031704",
    "producer": 6,
    "marketId": "1",
    "specifiers": "",
    "outcomeId": "3",
    "amount": 100,
    "odds": 1.55,
    "specifierKeys": "",
    "eventName": "VL Bern vs. VL Berlin",
    "scheduledTime": 1751573474000,
    "marketName": "1x2",
    "outcomeName": "VL Berlin",
    "categoryId": "sr:category:1111",
    "tournamentId": "vf:tournament:14149",
    "placedAt": "2025-07-03T20:10:53.818Z"
  },
  {
    "sportId": "sr:sport:1",
    "eventId": "vf:match:1384031470",
    "producer": 6,
    "marketId": "1",
    "specifiers": "",
    "outcomeId": "3",
    "amount": 100,
    "odds": 1.6,
    "specifierKeys": "",
    "eventName": "VfB Stuttgart vs. FC Bayern München",
    "scheduledTime": 1751573691000,
    "marketName": "1x2",
    "outcomeName": "FC Bayern München",
    "categoryId": "sr:category:1111",
    "tournamentId": "vf:tournament:34616",
    "placedAt": "2025-07-03T20:11:41.431Z"
  },
  {
    "sportId": "sr:sport:1",
    "eventId": "vf:match:1384031469",
    "producer": 6,
    "marketId": "1",
    "specifiers": "",
    "outcomeId": "3",
    "amount": 100,
    "odds": 1.5,
    "specifierKeys": "",
    "eventName": "Hamburger SV vs. Bayer 04 Leverkusen",
    "scheduledTime": 1751573691000,
    "marketName": "1x2",
    "outcomeName": "Bayer 04 Leverkusen",
    "categoryId": "sr:category:1111",
    "tournamentId": "vf:tournament:34616",
    "placedAt": "2025-07-03T20:11:41.811Z"
  },
  {
    "sportId": "sr:sport:1",
    "eventId": "vf:match:1384033679",
    "producer": 6,
    "marketId": "1",
    "specifiers": "",
    "outcomeId": "1",
    "amount": 100,
    "odds": 1.6,
    "specifierKeys": "",
    "eventName": "Chelsea vs. Wolverhampton",
    "scheduledTime": 1751573772000,
    "marketName": "1x2",
    "outcomeName": "Chelsea",
    "categoryId": "sr:category:1111",
    "tournamentId": "vf:tournament:31867",
    "placedAt": "2025-07-03T20:13:38.230Z"
  },
  {
    "sportId": "sr:sport:1",
    "eventId": "vf:match:1384033684",
    "producer": 6,
    "marketId": "1",
    "specifiers": "",
    "outcomeId": "3",
    "amount": 100,
    "odds": 1.6,
    "specifierKeys": "",
    "eventName": "Burnley vs. London Guns",
    "scheduledTime": 1751573772000,
    "marketName": "1x2",
    "outcomeName": "London Guns",
    "categoryId": "sr:category:1111",
    "tournamentId": "vf:tournament:31867",
    "placedAt": "2025-07-03T20:13:38.856Z"
  },
  {
    "sportId": "sr:sport:1",
    "eventId": "vf:match:1384144505",
    "producer": 6,
    "marketId": "1",
    "specifiers": "",
    "outcomeId": "3",
    "amount": 100,
    "odds": 5.5,
    "specifierKeys": "",
    "eventName": "VL London vs. VL Athens",
    "scheduledTime": 1751761194000,
    "marketName": "1x2",
    "outcomeName": "VL Athens",
    "categoryId": "sr:category:1111",
    "tournamentId": "vf:tournament:14149",
    "placedAt": "2025-07-06T00:19:38.839Z"
  },
  {
    "sportId": "sr:sport:1",
    "eventId": "vf:match:1384144275",
    "producer": 6,
    "marketId": "1",
    "specifiers": "",
    "outcomeId": "1",
    "amount": 100,
    "odds": 1.75,
    "specifierKeys": "",
    "eventName": "1. FSV Mainz 05 vs. Hannover 96",
    "scheduledTime": 1751761411000,
    "marketName": "1x2",
    "outcomeName": "1. FSV Mainz 05",
    "categoryId": "sr:category:1111",
    "tournamentId": "vf:tournament:34616",
    "placedAt": "2025-07-06T00:21:38.318Z"
  },
  {
    "sportId": "sr:sport:1",
    "eventId": "vf:match:1384146341",
    "producer": 6,
    "marketId": "1",
    "specifiers": "",
    "outcomeId": "1",
    "amount": 100,
    "odds": 1.35,
    "specifierKeys": "",
    "eventName": "Tottenham vs. Newcastle",
    "scheduledTime": 1751761712000,
    "marketName": "1x2",
    "outcomeName": "Tottenham",
    "categoryId": "sr:category:1111",
    "tournamentId": "vf:tournament:31867",
    "placedAt": "2025-07-06T00:25:10.549Z"
  },
  {
    "sportId": "sr:sport:1",
    "eventId": "vf:match:1384144526",
    "producer": 6,
    "marketId": "1",
    "specifiers": "",
    "outcomeId": "1",
    "amount": 100,
    "odds": 1.4,
    "specifierKeys": "",
    "eventName": "VL Moscow vs. VL Ankara",
    "scheduledTime": 1751761634000,
    "marketName": "1x2",
    "outcomeName": "VL Moscow",
    "categoryId": "sr:category:1111",
    "tournamentId": "vf:tournament:14149",
    "placedAt": "2025-07-06T00:25:10.827Z"
  },
  {
    "sportId": "sr:sport:1",
    "eventId": "vf:match:1384144523",
    "producer": 6,
    "marketId": "1",
    "specifiers": "",
    "outcomeId": "3",
    "amount": 100,
    "odds": 1.7,
    "specifierKeys": "",
    "eventName": "VL Kiev vs. VL Amsterdam",
    "scheduledTime": 1751761634000,
    "marketName": "1x2",
    "outcomeName": "VL Amsterdam",
    "categoryId": "sr:category:1111",
    "tournamentId": "vf:tournament:14149",
    "placedAt": "2025-07-06T00:25:36.531Z"
  },
  {
    "sportId": "sr:sport:1",
    "eventId": "vf:match:1384144561",
    "producer": 6,
    "marketId": "1",
    "specifiers": "",
    "outcomeId": "1",
    "amount": 100,
    "odds": 1.4,
    "specifierKeys": "",
    "eventName": "VL London vs. VL Kiev",
    "scheduledTime": 1751762734000,
    "marketName": "1x2",
    "outcomeName": "VL London",
    "categoryId": "sr:category:1111",
    "tournamentId": "vf:tournament:14149",
    "placedAt": "2025-07-06T00:43:58.514Z"
  },
  {
    "sportId": "sr:sport:1",
    "eventId": "vf:match:1384191191",
    "producer": 6,
    "marketId": "1",
    "specifiers": "",
    "outcomeId": "3",
    "amount": 100,
    "odds": 2.95,
    "specifierKeys": "",
    "eventName": "Bournemouth vs. Tottenham",
    "scheduledTime": 1751838492000,
    "marketName": "1x2",
    "outcomeName": "Tottenham",
    "categoryId": "sr:category:1111",
    "tournamentId": "vf:tournament:31867",
    "placedAt": "2025-07-06T21:46:31.752Z"
  },
  {
    "sportId": "sr:sport:1",
    "eventId": "vf:match:1384192602",
    "producer": 6,
    "marketId": "1",
    "specifiers": "",
    "outcomeId": "3",
    "amount": 100,
    "odds": 1.6,
    "specifierKeys": "",
    "eventName": "VfB Stuttgart vs. Borussia Dortmund",
    "scheduledTime": 1751838531000,
    "marketName": "1x2",
    "outcomeName": "Borussia Dortmund",
    "categoryId": "sr:category:1111",
    "tournamentId": "vf:tournament:34616",
    "placedAt": "2025-07-06T21:48:55.327Z"
  },
  {
    "sportId": "sr:sport:1",
    "eventId": "vf:match:1384193067",
    "producer": 6,
    "marketId": "1",
    "specifiers": "",
    "outcomeId": "3",
    "amount": 100,
    "odds": 2.7,
    "specifierKeys": "",
    "eventName": "VL Lisbon vs. VL Amsterdam",
    "scheduledTime": 1751838754000,
    "marketName": "1x2",
    "outcomeName": "VL Amsterdam",
    "categoryId": "sr:category:1111",
    "tournamentId": "vf:tournament:14149",
    "placedAt": "2025-07-06T21:50:51.746Z"
  },
  {
    "sportId": "sr:sport:1",
    "eventId": "vf:match:1384204778",
    "producer": 6,
    "marketId": "1",
    "specifiers": "",
    "outcomeId": "3",
    "amount": 100,
    "odds": 1.75,
    "specifierKeys": "",
    "eventName": "VL Vienna vs. VL Moscow",
    "scheduledTime": 1751860454000,
    "marketName": "1x2",
    "outcomeName": "VL Moscow",
    "categoryId": "sr:category:1111",
    "tournamentId": "vf:tournament:14149",
    "placedAt": "2025-07-07T03:52:26.104Z"
  },
  {
    "sportId": "sr:sport:1",
    "eventId": "vf:match:1384206820",
    "producer": 6,
    "marketId": "1",
    "specifiers": "",
    "outcomeId": "3",
    "amount": 100,
    "odds": 6.25,
    "specifierKeys": "",
    "eventName": "Chelsea vs. Leicester",
    "scheduledTime": 1751861632000,
    "marketName": "1x2",
    "outcomeName": "Leicester",
    "categoryId": "sr:category:1111",
    "tournamentId": "vf:tournament:31867",
    "placedAt": "2025-07-07T04:12:51.184Z"
  },
  {
    "sportId": "sr:sport:1",
    "eventId": "vf:match:1384206818",
    "producer": 6,
    "marketId": "1",
    "specifiers": "",
    "outcomeId": "3",
    "amount": 100,
    "odds": 4.4,
    "specifierKeys": "",
    "eventName": "Manchester Reds vs. Wolverhampton",
    "scheduledTime": 1751861632000,
    "marketName": "1x2",
    "outcomeName": "Wolverhampton",
    "categoryId": "sr:category:1111",
    "tournamentId": "vf:tournament:31867",
    "placedAt": "2025-07-07T04:12:51.459Z"
  },
  {
    "sportId": "sr:sport:1",
    "eventId": "vf:match:1384206816",
    "producer": 6,
    "marketId": "1",
    "specifiers": "",
    "outcomeId": "1",
    "amount": 100,
    "odds": 5.75,
    "specifierKeys": "",
    "eventName": "Southampton vs. Liverpool",
    "scheduledTime": 1751861632000,
    "marketName": "1x2",
    "outcomeName": "Southampton",
    "categoryId": "sr:category:1111",
    "tournamentId": "vf:tournament:31867",
    "placedAt": "2025-07-07T04:12:51.779Z"
  },
  {
    "sportId": "sr:sport:1",
    "eventId": "vf:match:1384206836",
    "producer": 6,
    "marketId": "1",
    "specifiers": "",
    "outcomeId": "1",
    "amount": 100,
    "odds": 1.9,
    "specifierKeys": "",
    "eventName": "Watford vs. Burnley",
    "scheduledTime": 1751862072000,
    "marketName": "1x2",
    "outcomeName": "Watford",
    "categoryId": "sr:category:1111",
    "tournamentId": "vf:tournament:31867",
    "placedAt": "2025-07-07T04:20:53.513Z"
  },
  {
    "sportId": "sr:sport:1",
    "eventId": "vf:match:1384206829",
    "producer": 6,
    "marketId": "1",
    "specifiers": "",
    "outcomeId": "1",
    "amount": 100,
    "odds": 2.05,
    "specifierKeys": "",
    "eventName": "Manchester Reds vs. Tottenham",
    "scheduledTime": 1751862072000,
    "marketName": "1x2",
    "outcomeName": "Manchester Reds",
    "categoryId": "sr:category:1111",
    "tournamentId": "vf:tournament:31867",
    "placedAt": "2025-07-07T04:20:54.154Z"
  },
  {
    "sportId": "sr:sport:1",
    "eventId": "vf:match:1384204838",
    "producer": 6,
    "marketId": "1",
    "specifiers": "",
    "outcomeId": "3",
    "amount": 100,
    "odds": 3.05,
    "specifierKeys": "",
    "eventName": "VL Madrid vs. VL Amsterdam",
    "scheduledTime": 1751862214000,
    "marketName": "1x2",
    "outcomeName": "VL Amsterdam",
    "categoryId": "sr:category:1111",
    "tournamentId": "vf:tournament:14149",
    "placedAt": "2025-07-07T04:20:54.799Z"
  },
  {
    "sportId": "sr:sport:1",
    "eventId": "vf:match:1384204604",
    "producer": 6,
    "marketId": "1",
    "specifiers": "",
    "outcomeId": "3",
    "amount": 100,
    "odds": 2.6,
    "specifierKeys": "",
    "eventName": "1. FSV Mainz 05 vs. VfL Wolfsburg",
    "scheduledTime": 1751862211000,
    "marketName": "1x2",
    "outcomeName": "VfL Wolfsburg",
    "categoryId": "sr:category:1111",
    "tournamentId": "vf:tournament:34616",
    "placedAt": "2025-07-07T04:22:39.293Z"
  },
  {
    "sportId": "sr:sport:1",
    "eventId": "vf:match:1384204852",
    "producer": 6,
    "marketId": "1",
    "specifiers": "",
    "outcomeId": "1",
    "amount": 100,
    "odds": 1.4,
    "specifierKeys": "",
    "eventName": "VL Amsterdam vs. VL Paris",
    "scheduledTime": 1751862434000,
    "marketName": "1x2",
    "outcomeName": "VL Amsterdam",
    "categoryId": "sr:category:1111",
    "tournamentId": "vf:tournament:14149",
    "placedAt": "2025-07-07T04:26:56.884Z"
  },
  {
    "sportId": "sr:sport:1",
    "eventId": "vf:match:1384204617",
    "producer": 6,
    "marketId": "1",
    "specifiers": "",
    "outcomeId": "3",
    "amount": 100,
    "odds": 2.4,
    "specifierKeys": "",
    "eventName": "TSG Hoffenheim vs. FC Bayern München",
    "scheduledTime": 1751862651000,
    "marketName": "1x2",
    "outcomeName": "FC Bayern München",
    "categoryId": "sr:category:1111",
    "tournamentId": "vf:tournament:34616",
    "placedAt": "2025-07-07T04:30:31.205Z"
  },
  {
    "sportId": "sr:sport:1",
    "eventId": "vf:match:1384204866",
    "producer": 6,
    "marketId": "1",
    "specifiers": "",
    "outcomeId": "1",
    "amount": 100,
    "odds": 1.7,
    "specifierKeys": "",
    "eventName": "VL Amsterdam vs. VL Lisbon",
    "scheduledTime": 1751862874000,
    "marketName": "1x2",
    "outcomeName": "VL Amsterdam",
    "categoryId": "sr:category:1111",
    "tournamentId": "vf:tournament:14149",
    "placedAt": "2025-07-07T04:33:17.918Z"
  },
  {
    "sportId": "sr:sport:1",
    "eventId": "vf:match:1384204629",
    "producer": 6,
    "marketId": "1",
    "specifiers": "",
    "outcomeId": "3",
    "amount": 100,
    "odds": 2.9,
    "specifierKeys": "",
    "eventName": "TSG Hoffenheim vs. Bayer 04 Leverkusen",
    "scheduledTime": 1751863091000,
    "marketName": "1x2",
    "outcomeName": "Bayer 04 Leverkusen",
    "categoryId": "sr:category:1111",
    "tournamentId": "vf:tournament:34616",
    "placedAt": "2025-07-07T04:37:19.159Z"
  },
  {
    "sportId": "sr:sport:1",
    "eventId": "vf:match:1384206889",
    "producer": 6,
    "marketId": "1",
    "specifiers": "",
    "outcomeId": "1",
    "amount": 100,
    "odds": 1.35,
    "specifierKeys": "",
    "eventName": "Manchester Blue vs. Leicester",
    "scheduledTime": 1751863612000,
    "marketName": "1x2",
    "outcomeName": "Manchester Blue",
    "categoryId": "sr:category:1111",
    "tournamentId": "vf:tournament:31867",
    "placedAt": "2025-07-07T04:46:09.313Z"
  },
  {
    "sportId": "sr:sport:1",
    "eventId": "vf:match:1384206898",
    "producer": 6,
    "marketId": "1",
    "specifiers": "",
    "outcomeId": "3",
    "amount": 100,
    "odds": 1.65,
    "specifierKeys": "",
    "eventName": "Burnley vs. Manchester Blue",
    "scheduledTime": 1751863832000,
    "marketName": "1x2",
    "outcomeName": "Manchester Blue",
    "categoryId": "sr:category:1111",
    "tournamentId": "vf:tournament:31867",
    "placedAt": "2025-07-07T04:47:01.905Z"
  },
  {
    "sportId": "sr:sport:1",
    "eventId": "vf:match:1384206895",
    "producer": 6,
    "marketId": "1",
    "specifiers": "",
    "outcomeId": "1",
    "amount": 100,
    "odds": 1.7,
    "specifierKeys": "",
    "eventName": "London Guns vs. Wolverhampton",
    "scheduledTime": 1751863832000,
    "marketName": "1x2",
    "outcomeName": "London Guns",
    "categoryId": "sr:category:1111",
    "tournamentId": "vf:tournament:31867",
    "placedAt": "2025-07-07T04:47:02.087Z"
  },
  {
    "sportId": "sr:sport:1",
    "eventId": "vf:match:1384204663",
    "producer": 6,
    "marketId": "1",
    "specifiers": "",
    "outcomeId": "2",
    "amount": 100,
    "odds": 3.5,
    "specifierKeys": "",
    "eventName": "Borussia M'gladbach vs. Bayer 04 Leverkusen",
    "scheduledTime": 1751863971000,
    "marketName": "1x2",
    "outcomeName": "draw",
    "categoryId": "sr:category:1111",
    "tournamentId": "vf:tournament:34616",
    "placedAt": "2025-07-07T04:49:53.293Z"
  }
]