[
  {
    "sportId": "sr:sport:1",
    "eventId": "vf:match:1383742819",
    "producer": 6,
    "marketId": "1",
    "specifiers": "",
    "outcomeId": "1",
    "amount": 100,
    "odds": 1.85,
    "specifierKeys": "",
    "eventName": "FC Augsburg vs. Hamburger SV",
    "scheduledTime": 1751122411000,
    "marketName": "1x2",
    "outcomeName": "FC Augsburg",
    "categoryId": "sr:category:1111",
    "tournamentId": "vf:tournament:34616",
    "placedAt": "2025-06-28T14:50:58.565Z"
  },
  {
    "sportId": "sr:sport:1",
    "eventId": "vf:match:1383932072",
    "producer": 6,
    "marketId": "1",
    "specifiers": "",
    "outcomeId": "1",
    "amount": 100,
    "odds": 2.05,
    "specifierKeys": "",
    "eventName": "West Ham vs. Crystal Palace",
    "scheduledTime": 1751407092000,
    "marketName": "1x2",
    "outcomeName": "West Ham",
    "categoryId": "sr:category:1111",
    "tournamentId": "vf:tournament:31867",
    "placedAt": "2025-07-01T21:57:48.405Z"
  },
  {
    "sportId": "sr:sport:1",
    "eventId": "vf:match:1383932086",
    "producer": 6,
    "marketId": "1",
    "specifiers": "",
    "outcomeId": "1",
    "amount": 100,
    "odds": 2,
    "specifierKeys": "",
    "eventName": "West Ham vs. Southampton",
    "scheduledTime": 1751407532000,
    "marketName": "1x2",
    "outcomeName": "West Ham",
    "categoryId": "sr:category:1111",
    "tournamentId": "vf:tournament:31867",
    "placedAt": "2025-07-01T22:03:23.739Z"
  },
  {
    "sportId": "sr:sport:1",
    "eventId": "vf:match:1383934550",
    "producer": 6,
    "marketId": "1",
    "specifiers": "",
    "outcomeId": "1",
    "amount": 100,
    "odds": 2.35,
    "specifierKeys": "",
    "eventName": "VL Athens vs. VL Zagreb",
    "scheduledTime": 1751409334000,
    "marketName": "1x2",
    "outcomeName": "VL Athens",
    "categoryId": "sr:category:1111",
    "tournamentId": "vf:tournament:14149",
    "placedAt": "2025-07-01T22:35:15.548Z"
  },
  {
    "sportId": "sr:sport:1",
    "eventId": "vf:match:1383934347",
    "producer": 6,
    "marketId": "1",
    "specifiers": "",
    "outcomeId": "1",
    "amount": 100,
    "odds": 2.15,
    "specifierKeys": "",
    "eventName": "FC Schalke 04 vs. VfL Wolfsburg",
    "scheduledTime": 1751410211000,
    "marketName": "1x2",
    "outcomeName": "FC Schalke 04",
    "categoryId": "sr:category:1111",
    "tournamentId": "vf:tournament:34616",
    "placedAt": "2025-07-01T22:47:07.631Z"
  },
  {
    "sportId": "sr:sport:1",
    "eventId": "vf:match:1383934360",
    "producer": 6,
    "marketId": "1",
    "specifiers": "",
    "outcomeId": "1",
    "amount": 100,
    "odds": 1.95,
    "specifierKeys": "",
    "eventName": "FC Schalke 04 vs. VfB Stuttgart",
    "scheduledTime": 1751410651000,
    "marketName": "1x2",
    "outcomeName": "FC Schalke 04",
    "categoryId": "sr:category:1111",
    "tournamentId": "vf:tournament:34616",
    "placedAt": "2025-07-01T22:55:06.394Z"
  },
  {
    "sportId": "sr:sport:1",
    "eventId": "vf:match:1383934400",
    "producer": 6,
    "marketId": "1",
    "specifiers": "",
    "outcomeId": "1",
    "amount": 100,
    "odds": 1.85,
    "specifierKeys": "",
    "eventName": "1. FSV Mainz 05 vs. SV Werder Bremen",
    "scheduledTime": 1751411751000,
    "marketName": "1x2",
    "outcomeName": "1. FSV Mainz 05",
    "categoryId": "sr:category:1111",
    "tournamentId": "vf:tournament:34616",
    "placedAt": "2025-07-01T23:15:09.296Z"
  },
  {
    "sportId": "sr:sport:1",
    "eventId": "vf:match:1383934649",
    "producer": 6,
    "marketId": "1",
    "specifiers": "",
    "outcomeId": "1",
    "amount": 100,
    "odds": 1.9,
    "specifierKeys": "",
    "eventName": "VL Athens vs. VL Kiev",
    "scheduledTime": 1751411974000,
    "marketName": "1x2",
    "outcomeName": "VL Athens",
    "categoryId": "sr:category:1111",
    "tournamentId": "vf:tournament:14149",
    "placedAt": "2025-07-01T23:17:10.051Z"
  },
  {
    "sportId": "sr:sport:1",
    "eventId": "vf:match:1383936625",
    "producer": 6,
    "marketId": "1",
    "specifiers": "",
    "outcomeId": "1",
    "amount": 100,
    "odds": 1.9,
    "specifierKeys": "",
    "eventName": "Burnley vs. Crystal Palace",
    "scheduledTime": 1751413152000,
    "marketName": "1x2",
    "outcomeName": "Burnley",
    "categoryId": "sr:category:1111",
    "tournamentId": "vf:tournament:31867",
    "placedAt": "2025-07-01T23:39:15.304Z"
  },
  {
    "sportId": "sr:sport:1",
    "eventId": "vf:match:1383936632",
    "producer": 6,
    "marketId": "1",
    "specifiers": "",
    "outcomeId": "1",
    "amount": 100,
    "odds": 2.2,
    "specifierKeys": "",
    "eventName": "Burnley vs. Southampton",
    "scheduledTime": 1751413372000,
    "marketName": "1x2",
    "outcomeName": "Burnley",
    "categoryId": "sr:category:1111",
    "tournamentId": "vf:tournament:31867",
    "placedAt": "2025-07-01T23:41:11.916Z"
  },
  {
    "sportId": "sr:sport:1",
    "eventId": "vf:match:1383936647",
    "producer": 6,
    "marketId": "1",
    "specifiers": "",
    "outcomeId": "1",
    "amount": 100,
    "odds": 1.85,
    "specifierKeys": "",
    "eventName": "Burnley vs. Newcastle",
    "scheduledTime": 1751413812000,
    "marketName": "1x2",
    "outcomeName": "Burnley",
    "categoryId": "sr:category:1111",
    "tournamentId": "vf:tournament:31867",
    "placedAt": "2025-07-01T23:49:14.033Z"
  },
  {
    "sportId": "sr:sport:1",
    "eventId": "vf:match:1383936674",
    "producer": 6,
    "marketId": "1",
    "specifiers": "",
    "outcomeId": "1",
    "amount": 100,
    "odds": 2.15,
    "specifierKeys": "",
    "eventName": "Burnley vs. West Ham",
    "scheduledTime": 1751414472000,
    "marketName": "1x2",
    "outcomeName": "Burnley",
    "categoryId": "sr:category:1111",
    "tournamentId": "vf:tournament:31867",
    "placedAt": "2025-07-01T23:59:14.816Z"
  },
  {
    "sportId": "sr:sport:1",
    "eventId": "vf:match:1383937892",
    "producer": 6,
    "marketId": "1",
    "specifiers": "",
    "outcomeId": "1",
    "amount": 100,
    "odds": 1.75,
    "specifierKeys": "",
    "eventName": "Eintracht Frankfurt vs. SC Freiburg",
    "scheduledTime": 1751415831000,
    "marketName": "1x2",
    "outcomeName": "Eintracht Frankfurt",
    "categoryId": "sr:category:1111",
    "tournamentId": "vf:tournament:34616",
    "placedAt": "2025-07-02T00:21:07.708Z"
  },
  {
    "sportId": "sr:sport:1",
    "eventId": "vf:match:1383937889",
    "producer": 6,
    "marketId": "1",
    "specifiers": "",
    "outcomeId": "1",
    "amount": 100,
    "odds": 1.75,
    "specifierKeys": "",
    "eventName": "1. FSV Mainz 05 vs. Hannover 96",
    "scheduledTime": 1751415831000,
    "marketName": "1x2",
    "outcomeName": "1. FSV Mainz 05",
    "categoryId": "sr:category:1111",
    "tournamentId": "vf:tournament:34616",
    "placedAt": "2025-07-02T00:23:08.868Z"
  },
  {
    "sportId": "sr:sport:1",
    "eventId": "vf:match:1383938223",
    "producer": 6,
    "marketId": "1",
    "specifiers": "",
    "outcomeId": "1",
    "amount": 100,
    "odds": 2.35,
    "specifierKeys": "",
    "eventName": "VL Moscow vs. VL Lisbon",
    "scheduledTime": 1751418474000,
    "marketName": "1x2",
    "outcomeName": "VL Moscow",
    "categoryId": "sr:category:1111",
    "tournamentId": "vf:tournament:14149",
    "placedAt": "2025-07-02T01:07:09.265Z"
  },
  {
    "sportId": "sr:sport:1",
    "eventId": "vf:match:1383940110",
    "producer": 6,
    "marketId": "1",
    "specifiers": "",
    "outcomeId": "1",
    "amount": 100,
    "odds": 1.85,
    "specifierKeys": "",
    "eventName": "Watford vs. Leicester",
    "scheduledTime": 1751420752000,
    "marketName": "1x2",
    "outcomeName": "Watford",
    "categoryId": "sr:category:1111",
    "tournamentId": "vf:tournament:31867",
    "placedAt": "2025-07-02T01:43:13.162Z"
  },
  {
    "sportId": "sr:sport:1",
    "eventId": "vf:match:1383942507",
    "producer": 6,
    "marketId": "1",
    "specifiers": "",
    "outcomeId": "1",
    "amount": 100,
    "odds": 1.95,
    "specifierKeys": "",
    "eventName": "VL Zagreb vs. VL Copenhagen",
    "scheduledTime": 1751423214000,
    "marketName": "1x2",
    "outcomeName": "VL Zagreb",
    "categoryId": "sr:category:1111",
    "tournamentId": "vf:tournament:14149",
    "placedAt": "2025-07-02T02:25:09.127Z"
  },
  {
    "sportId": "sr:sport:1",
    "eventId": "vf:match:1383942290",
    "producer": 6,
    "marketId": "1",
    "specifiers": "",
    "outcomeId": "1",
    "amount": 100,
    "odds": 1.75,
    "specifierKeys": "",
    "eventName": "VfL Wolfsburg vs. FC Augsburg",
    "scheduledTime": 1751423871000,
    "marketName": "1x2",
    "outcomeName": "VfL Wolfsburg",
    "categoryId": "sr:category:1111",
    "tournamentId": "vf:tournament:34616",
    "placedAt": "2025-07-02T02:37:05.931Z"
  },
  {
    "sportId": "sr:sport:1",
    "eventId": "vf:match:1383942347",
    "producer": 6,
    "marketId": "1",
    "specifiers": "",
    "outcomeId": "1",
    "amount": 100,
    "odds": 1.75,
    "specifierKeys": "",
    "eventName": "1. FSV Mainz 05 vs. Hannover 96",
    "scheduledTime": 1751425411000,
    "marketName": "1x2",
    "outcomeName": "1. FSV Mainz 05",
    "categoryId": "sr:category:1111",
    "tournamentId": "vf:tournament:34616",
    "placedAt": "2025-07-02T03:02:17.816Z"
  }
]