[
  {
    "sportId": "sr:sport:1",
    "eventId": "vf:match:1383641726",
    "producer": 6,
    "marketId": "1",
    "specifiers": "",
    "outcomeId": "1",
    "amount": 100,
    "odds": 1.45,
    "specifierKeys": "",
    "eventName": "Eintracht Frankfurt vs. FC Augsburg",
    "scheduledTime": 1750953311000,
    "marketName": "1x2",
    "outcomeName": "Eintracht Frankfurt",
    "categoryId": "sr:category:1111",
    "tournamentId": "vf:tournament:34616",
    "placedAt": "2025-06-26T15:52:44.228Z"
  },
  {
    "sportId": "sr:sport:1",
    "eventId": "vf:match:1383641726",
    "producer": 6,
    "marketId": "1",
    "specifiers": "",
    "outcomeId": "1",
    "amount": 100,
    "odds": 1.45,
    "specifierKeys": "",
    "eventName": "Eintracht Frankfurt vs. FC Augsburg",
    "scheduledTime": 1750953311000,
    "marketName": "1x2",
    "outcomeName": "Eintracht Frankfurt",
    "categoryId": "sr:category:1111",
    "tournamentId": "vf:tournament:34616",
    "placedAt": "2025-06-26T15:54:42.947Z"
  },
  {
    "sportId": "sr:sport:1",
    "eventId": "vf:match:1383641749",
    "producer": 6,
    "marketId": "1",
    "specifiers": "",
    "outcomeId": "1",
    "amount": 100,
    "odds": 1.55,
    "specifierKeys": "",
    "eventName": "Eintracht Frankfurt vs. 1. FSV Mainz 05",
    "scheduledTime": 1750953971000,
    "marketName": "1x2",
    "outcomeName": "Eintracht Frankfurt",
    "categoryId": "sr:category:1111",
    "tournamentId": "vf:tournament:34616",
    "placedAt": "2025-06-26T16:04:35.065Z"
  },
  {
    "sportId": "sr:sport:1",
    "eventId": "vf:match:1383641761",
    "producer": 6,
    "marketId": "1",
    "specifiers": "",
    "outcomeId": "1",
    "amount": 100,
    "odds": 1.45,
    "specifierKeys": "",
    "eventName": "Borussia M'gladbach vs. 1. FSV Mainz 05",
    "scheduledTime": 1750954191000,
    "marketName": "1x2",
    "outcomeName": "Borussia M'gladbach",
    "categoryId": "sr:category:1111",
    "tournamentId": "vf:tournament:34616",
    "placedAt": "2025-06-26T16:08:13.997Z"
  },
  {
    "sportId": "sr:sport:1",
    "eventId": "vf:match:1383642656",
    "producer": 6,
    "marketId": "1",
    "specifiers": "",
    "outcomeId": "1",
    "amount": 100,
    "odds": 1.35,
    "specifierKeys": "",
    "eventName": "VL Rome vs. VL Vienna",
    "scheduledTime": 1750954274000,
    "marketName": "1x2",
    "outcomeName": "VL Rome",
    "categoryId": "sr:category:1111",
    "tournamentId": "vf:tournament:14149",
    "placedAt": "2025-06-26T16:10:29.753Z"
  },
  {
    "sportId": "sr:sport:1",
    "eventId": "vf:match:1383643998",
    "producer": 6,
    "marketId": "1",
    "specifiers": "",
    "outcomeId": "1",
    "amount": 100,
    "odds": 1.3,
    "specifierKeys": "",
    "eventName": "London Guns vs. Crystal Palace",
    "scheduledTime": 1750954592000,
    "marketName": "1x2",
    "outcomeName": "London Guns",
    "categoryId": "sr:category:1111",
    "tournamentId": "vf:tournament:31867",
    "placedAt": "2025-06-26T16:14:31.929Z"
  },
  {
    "sportId": "sr:sport:1",
    "eventId": "vf:match:1383643993",
    "producer": 6,
    "marketId": "1",
    "specifiers": "",
    "outcomeId": "1",
    "amount": 100,
    "odds": 1.85,
    "specifierKeys": "",
    "eventName": "Wolverhampton vs. Burnley",
    "scheduledTime": 1750954592000,
    "marketName": "1x2",
    "outcomeName": "Wolverhampton",
    "categoryId": "sr:category:1111",
    "tournamentId": "vf:tournament:31867",
    "placedAt": "2025-06-26T16:16:20.369Z"
  },
  {
    "sportId": "sr:sport:1",
    "eventId": "vf:match:1383644029",
    "producer": 6,
    "marketId": "1",
    "specifiers": "",
    "outcomeId": "1",
    "amount": 100,
    "odds": 2,
    "specifierKeys": "",
    "eventName": "London Guns vs. Bournemouth",
    "scheduledTime": 1750955032000,
    "marketName": "1x2",
    "outcomeName": "London Guns",
    "categoryId": "sr:category:1111",
    "tournamentId": "vf:tournament:31867",
    "placedAt": "2025-06-26T16:22:22.244Z"
  },
  {
    "sportId": "sr:sport:1",
    "eventId": "vf:match:1383642704",
    "producer": 6,
    "marketId": "1",
    "specifiers": "",
    "outcomeId": "1",
    "amount": 100,
    "odds": 1.9,
    "specifierKeys": "",
    "eventName": "VL Kiev vs. VL Copenhagen",
    "scheduledTime": 1750955594000,
    "marketName": "1x2",
    "outcomeName": "VL Kiev",
    "categoryId": "sr:category:1111",
    "tournamentId": "vf:tournament:14149",
    "placedAt": "2025-06-26T16:30:43.572Z"
  },
  {
    "sportId": "sr:sport:1",
    "eventId": "vf:match:1383644075",
    "producer": 6,
    "marketId": "1",
    "specifiers": "",
    "outcomeId": "1",
    "amount": 100,
    "odds": 2.6,
    "specifierKeys": "",
    "eventName": "West Ham vs. Burnley",
    "scheduledTime": 1750955692000,
    "marketName": "1x2",
    "outcomeName": "West Ham",
    "categoryId": "sr:category:1111",
    "tournamentId": "vf:tournament:31867",
    "placedAt": "2025-06-26T16:32:45.731Z"
  },
  {
    "sportId": "sr:sport:1",
    "eventId": "vf:match:1383662230",
    "producer": 6,
    "marketId": "1",
    "specifiers": "",
    "outcomeId": "1",
    "amount": 100,
    "odds": 2.1,
    "specifierKeys": "",
    "eventName": "SC Freiburg vs. VfL Wolfsburg",
    "scheduledTime": 1750986031000,
    "marketName": "1x2",
    "outcomeName": "SC Freiburg",
    "categoryId": "sr:category:1111",
    "tournamentId": "vf:tournament:34616",
    "placedAt": "2025-06-27T00:59:33.500Z"
  },
  {
    "sportId": "sr:sport:1",
    "eventId": "vf:match:1383662264",
    "producer": 6,
    "marketId": "1",
    "specifiers": "",
    "outcomeId": "1",
    "amount": 100,
    "odds": 2.3,
    "specifierKeys": "",
    "eventName": "Eintracht Frankfurt vs. Hertha Berlin",
    "scheduledTime": 1750986911000,
    "marketName": "1x2",
    "outcomeName": "Eintracht Frankfurt",
    "categoryId": "sr:category:1111",
    "tournamentId": "vf:tournament:34616",
    "placedAt": "2025-06-27T01:13:19.228Z"
  },
  {
    "sportId": "sr:sport:1",
    "eventId": "vf:match:1383663177",
    "producer": 6,
    "marketId": "1",
    "specifiers": "",
    "outcomeId": "1",
    "amount": 100,
    "odds": 2.1,
    "specifierKeys": "",
    "eventName": "VL Kiev vs. VL Athens",
    "scheduledTime": 1750988094000,
    "marketName": "1x2",
    "outcomeName": "VL Kiev",
    "categoryId": "sr:category:1111",
    "tournamentId": "vf:tournament:14149",
    "placedAt": "2025-06-27T01:31:23.241Z"
  },
  {
    "sportId": "sr:sport:1",
    "eventId": "vf:match:1383662312",
    "producer": 6,
    "marketId": "1",
    "specifiers": "",
    "outcomeId": "1",
    "amount": 100,
    "odds": 1.75,
    "specifierKeys": "",
    "eventName": "1. FSV Mainz 05 vs. Hannover 96",
    "scheduledTime": 1750988231000,
    "marketName": "1x2",
    "outcomeName": "1. FSV Mainz 05",
    "categoryId": "sr:category:1111",
    "tournamentId": "vf:tournament:34616",
    "placedAt": "2025-06-27T01:35:25.166Z"
  },
  {
    "sportId": "sr:sport:1",
    "eventId": "vf:match:1383662310",
    "producer": 6,
    "marketId": "1",
    "specifiers": "",
    "outcomeId": "1",
    "amount": 100,
    "odds": 2.05,
    "specifierKeys": "",
    "eventName": "SC Freiburg vs. FC Schalke 04",
    "scheduledTime": 1750988231000,
    "marketName": "1x2",
    "outcomeName": "SC Freiburg",
    "categoryId": "sr:category:1111",
    "tournamentId": "vf:tournament:34616",
    "placedAt": "2025-06-27T01:35:25.817Z"
  },
  {
    "sportId": "sr:sport:1",
    "eventId": "vf:match:1383662341",
    "producer": 6,
    "marketId": "1",
    "specifiers": "",
    "outcomeId": "1",
    "amount": 100,
    "odds": 2.05,
    "specifierKeys": "",
    "eventName": "1. FSV Mainz 05 vs. VfL Wolfsburg",
    "scheduledTime": 1750989111000,
    "marketName": "1x2",
    "outcomeName": "1. FSV Mainz 05",
    "categoryId": "sr:category:1111",
    "tournamentId": "vf:tournament:34616",
    "placedAt": "2025-06-27T01:52:35.072Z"
  },
  {
    "sportId": "sr:sport:1",
    "eventId": "vf:match:1383663243",
    "producer": 6,
    "marketId": "1",
    "specifiers": "",
    "outcomeId": "1",
    "amount": 100,
    "odds": 2.25,
    "specifierKeys": "",
    "eventName": "VL Paris vs. VL Zagreb",
    "scheduledTime": 1750989854000,
    "marketName": "1x2",
    "outcomeName": "VL Paris",
    "categoryId": "sr:category:1111",
    "tournamentId": "vf:tournament:14149",
    "placedAt": "2025-06-27T02:04:15.672Z"
  },
  {
    "sportId": "sr:sport:1",
    "eventId": "vf:match:1383665727",
    "producer": 6,
    "marketId": "1",
    "specifiers": "",
    "outcomeId": "1",
    "amount": 100,
    "odds": 2.1,
    "specifierKeys": "",
    "eventName": "Eintracht Frankfurt vs. TSG Hoffenheim",
    "scheduledTime": 1750992971000,
    "marketName": "1x2",
    "outcomeName": "Eintracht Frankfurt",
    "categoryId": "sr:category:1111",
    "tournamentId": "vf:tournament:34616",
    "placedAt": "2025-06-27T02:55:24.913Z"
  },
  {
    "sportId": "sr:sport:1",
    "eventId": "vf:match:1383665735",
    "producer": 6,
    "marketId": "1",
    "specifiers": "",
    "outcomeId": "1",
    "amount": 100,
    "odds": 1.8,
    "specifierKeys": "",
    "eventName": "VfL Wolfsburg vs. FC Augsburg",
    "scheduledTime": 1750993191000,
    "marketName": "1x2",
    "outcomeName": "VfL Wolfsburg",
    "categoryId": "sr:category:1111",
    "tournamentId": "vf:tournament:34616",
    "placedAt": "2025-06-27T02:57:26.355Z"
  },
  {
    "sportId": "sr:sport:1",
    "eventId": "vf:match:1383665761",
    "producer": 6,
    "marketId": "1",
    "specifiers": "",
    "outcomeId": "1",
    "amount": 100,
    "odds": 2.65,
    "specifierKeys": "",
    "eventName": "Eintracht Frankfurt vs. Borussia Dortmund",
    "scheduledTime": 1750993851000,
    "marketName": "1x2",
    "outcomeName": "Eintracht Frankfurt",
    "categoryId": "sr:category:1111",
    "tournamentId": "vf:tournament:34616",
    "placedAt": "2025-06-27T03:09:21.391Z"
  },
  {
    "sportId": "sr:sport:1",
    "eventId": "vf:match:1383668842",
    "producer": 6,
    "marketId": "1",
    "specifiers": "",
    "outcomeId": "1",
    "amount": 100,
    "odds": 1.85,
    "specifierKeys": "",
    "eventName": "Wolverhampton vs. Burnley",
    "scheduledTime": 1750994692000,
    "marketName": "1x2",
    "outcomeName": "Wolverhampton",
    "categoryId": "sr:category:1111",
    "tournamentId": "vf:tournament:31867",
    "placedAt": "2025-06-27T03:21:22.368Z"
  },
  {
    "sportId": "sr:sport:1",
    "eventId": "vf:match:1383668873",
    "producer": 6,
    "marketId": "1",
    "specifiers": "",
    "outcomeId": "1",
    "amount": 100,
    "odds": 1.85,
    "specifierKeys": "",
    "eventName": "Wolverhampton vs. Leicester",
    "scheduledTime": 1750995132000,
    "marketName": "1x2",
    "outcomeName": "Wolverhampton",
    "categoryId": "sr:category:1111",
    "tournamentId": "vf:tournament:31867",
    "placedAt": "2025-06-27T03:32:54.570Z"
  },
  {
    "sportId": "sr:sport:1",
    "eventId": "vf:match:1383666800",
    "producer": 6,
    "marketId": "1",
    "specifiers": "",
    "outcomeId": "1",
    "amount": 100,
    "odds": 2.05,
    "specifierKeys": "",
    "eventName": "VL Kiev vs. VL Athens",
    "scheduledTime": 1750996134000,
    "marketName": "1x2",
    "outcomeName": "VL Kiev",
    "categoryId": "sr:category:1111",
    "tournamentId": "vf:tournament:14149",
    "placedAt": "2025-06-27T03:47:49.200Z"
  },
  {
    "sportId": "sr:sport:1",
    "eventId": "vf:match:1383670187",
    "producer": 6,
    "marketId": "1",
    "specifiers": "",
    "outcomeId": "1",
    "amount": 100,
    "odds": 1.9,
    "specifierKeys": "",
    "eventName": "Hertha Berlin vs. SC Freiburg",
    "scheduledTime": 1750999691000,
    "marketName": "1x2",
    "outcomeName": "Hertha Berlin",
    "categoryId": "sr:category:1111",
    "tournamentId": "vf:tournament:34616",
    "placedAt": "2025-06-27T04:47:24.292Z"
  },
  {
    "sportId": "sr:sport:1",
    "eventId": "vf:match:1383671231",
    "producer": 6,
    "marketId": "1",
    "specifiers": "",
    "outcomeId": "1",
    "amount": 100,
    "odds": 2,
    "specifierKeys": "",
    "eventName": "VL Zagreb vs. VL Athens",
    "scheduledTime": 1751000654000,
    "marketName": "1x2",
    "outcomeName": "VL Zagreb",
    "categoryId": "sr:category:1111",
    "tournamentId": "vf:tournament:14149",
    "placedAt": "2025-06-27T05:03:22.742Z"
  },
  {
    "sportId": "sr:sport:1",
    "eventId": "vf:match:1383672606",
    "producer": 6,
    "marketId": "1",
    "specifiers": "",
    "outcomeId": "1",
    "amount": 100,
    "odds": 1.8,
    "specifierKeys": "",
    "eventName": "Everton vs. Burnley",
    "scheduledTime": 1751001852000,
    "marketName": "1x2",
    "outcomeName": "Everton",
    "categoryId": "sr:category:1111",
    "tournamentId": "vf:tournament:31867",
    "placedAt": "2025-06-27T05:22:08.785Z"
  },
  {
    "sportId": "sr:sport:1",
    "eventId": "vf:match:1383690100",
    "producer": 6,
    "marketId": "1",
    "specifiers": "",
    "outcomeId": "1",
    "amount": 100,
    "odds": 1.95,
    "specifierKeys": "",
    "eventName": "Borussia M'gladbach vs. Hertha Berlin",
    "scheduledTime": 1751033291000,
    "marketName": "1x2",
    "outcomeName": "Borussia M'gladbach",
    "categoryId": "sr:category:1111",
    "tournamentId": "vf:tournament:34616",
    "placedAt": "2025-06-27T14:07:52.256Z"
  },
  {
    "sportId": "sr:sport:1",
    "eventId": "vf:match:1383690126",
    "producer": 6,
    "marketId": "1",
    "specifiers": "",
    "outcomeId": "1",
    "amount": 100,
    "odds": 2.55,
    "specifierKeys": "",
    "eventName": "Hamburger SV vs. SV Werder Bremen",
    "scheduledTime": 1751034171000,
    "marketName": "1x2",
    "outcomeName": "Hamburger SV",
    "categoryId": "sr:category:1111",
    "tournamentId": "vf:tournament:34616",
    "placedAt": "2025-06-27T14:21:48.729Z"
  },
  {
    "sportId": "sr:sport:1",
    "eventId": "vf:match:1383690204",
    "producer": 6,
    "marketId": "1",
    "specifiers": "",
    "outcomeId": "1",
    "amount": 100,
    "odds": 2.35,
    "specifierKeys": "",
    "eventName": "Hamburger SV vs. Hannover 96",
    "scheduledTime": 1751036151000,
    "marketName": "1x2",
    "outcomeName": "Hamburger SV",
    "categoryId": "sr:category:1111",
    "tournamentId": "vf:tournament:34616",
    "placedAt": "2025-06-27T14:53:54.459Z"
  },
  {
    "sportId": "sr:sport:1",
    "eventId": "vf:match:1383690209",
    "producer": 6,
    "marketId": "1",
    "specifiers": "",
    "outcomeId": "1",
    "amount": 100,
    "odds": 2.1,
    "specifierKeys": "",
    "eventName": "TSG Hoffenheim vs. Hertha Berlin",
    "scheduledTime": 1751036371000,
    "marketName": "1x2",
    "outcomeName": "TSG Hoffenheim",
    "categoryId": "sr:category:1111",
    "tournamentId": "vf:tournament:34616",
    "placedAt": "2025-06-27T14:57:55.440Z"
  },
  {
    "sportId": "sr:sport:1",
    "eventId": "vf:match:1383691456",
    "producer": 6,
    "marketId": "1",
    "specifiers": "",
    "outcomeId": "1",
    "amount": 100,
    "odds": 1.75,
    "specifierKeys": "",
    "eventName": "VL Kiev vs. VL Prague",
    "scheduledTime": 1751037774000,
    "marketName": "1x2",
    "outcomeName": "VL Kiev",
    "categoryId": "sr:category:1111",
    "tournamentId": "vf:tournament:14149",
    "placedAt": "2025-06-27T15:21:59.613Z"
  },
  {
    "sportId": "sr:sport:1",
    "eventId": "vf:match:1383691465",
    "producer": 6,
    "marketId": "1",
    "specifiers": "",
    "outcomeId": "1",
    "amount": 100,
    "odds": 1.85,
    "specifierKeys": "",
    "eventName": "VL Zagreb vs. VL Copenhagen",
    "scheduledTime": 1751037994000,
    "marketName": "1x2",
    "outcomeName": "VL Zagreb",
    "categoryId": "sr:category:1111",
    "tournamentId": "vf:tournament:14149",
    "placedAt": "2025-06-27T15:22:00.479Z"
  },
  {
    "sportId": "sr:sport:1",
    "eventId": "vf:match:1383696994",
    "producer": 6,
    "marketId": "1",
    "specifiers": "",
    "outcomeId": "1",
    "amount": 100,
    "odds": 1.75,
    "specifierKeys": "",
    "eventName": "Bournemouth vs. Everton",
    "scheduledTime": 1751042612000,
    "marketName": "1x2",
    "outcomeName": "Bournemouth",
    "categoryId": "sr:category:1111",
    "tournamentId": "vf:tournament:31867",
    "placedAt": "2025-06-27T16:43:39.256Z"
  },
  {
    "sportId": "sr:sport:1",
    "eventId": "vf:match:1383696997",
    "producer": 6,
    "marketId": "1",
    "specifiers": "",
    "outcomeId": "1",
    "amount": 100,
    "odds": 2.05,
    "specifierKeys": "",
    "eventName": "Crystal Palace vs. Newcastle",
    "scheduledTime": 1751042612000,
    "marketName": "1x2",
    "outcomeName": "Crystal Palace",
    "categoryId": "sr:category:1111",
    "tournamentId": "vf:tournament:31867",
    "placedAt": "2025-06-27T16:43:42.987Z"
  },
  {
    "sportId": "sr:sport:1",
    "eventId": "vf:match:1383695746",
    "producer": 6,
    "marketId": "1",
    "specifiers": "",
    "outcomeId": "1",
    "amount": 100,
    "odds": 1.8,
    "specifierKeys": "",
    "eventName": "VL Kiev vs. VL Ankara",
    "scheduledTime": 1751042954000,
    "marketName": "1x2",
    "outcomeName": "VL Kiev",
    "categoryId": "sr:category:1111",
    "tournamentId": "vf:tournament:14149",
    "placedAt": "2025-06-27T16:47:32.352Z"
  },
  {
    "sportId": "sr:sport:1",
    "eventId": "vf:match:1383697029",
    "producer": 6,
    "marketId": "1",
    "specifiers": "",
    "outcomeId": "1",
    "amount": 100,
    "odds": 1.9,
    "specifierKeys": "",
    "eventName": "Bournemouth vs. Wolverhampton",
    "scheduledTime": 1751043052000,
    "marketName": "1x2",
    "outcomeName": "Bournemouth",
    "categoryId": "sr:category:1111",
    "tournamentId": "vf:tournament:31867",
    "placedAt": "2025-06-27T16:49:35.216Z"
  },
  {
    "sportId": "sr:sport:1",
    "eventId": "vf:match:1383695773",
    "producer": 6,
    "marketId": "1",
    "specifiers": "",
    "outcomeId": "1",
    "amount": 100,
    "odds": 2,
    "specifierKeys": "",
    "eventName": "VL Zagreb vs. VL Athens",
    "scheduledTime": 1751043614000,
    "marketName": "1x2",
    "outcomeName": "VL Zagreb",
    "categoryId": "sr:category:1111",
    "tournamentId": "vf:tournament:14149",
    "placedAt": "2025-06-27T16:59:33.945Z"
  },
  {
    "sportId": "sr:sport:1",
    "eventId": "vf:match:1383697802",
    "producer": 6,
    "marketId": "1",
    "specifiers": "",
    "outcomeId": "1",
    "amount": 100,
    "odds": 2.25,
    "specifierKeys": "",
    "eventName": "FC Schalke 04 vs. SC Freiburg",
    "scheduledTime": 1751046071000,
    "marketName": "1x2",
    "outcomeName": "FC Schalke 04",
    "categoryId": "sr:category:1111",
    "tournamentId": "vf:tournament:34616",
    "placedAt": "2025-06-27T17:39:38.870Z"
  },
  {
    "sportId": "sr:sport:1",
    "eventId": "vf:match:1383699299",
    "producer": 6,
    "marketId": "1",
    "specifiers": "",
    "outcomeId": "1",
    "amount": 100,
    "odds": 1.9,
    "specifierKeys": "",
    "eventName": "VL Zagreb vs. VL Kiev",
    "scheduledTime": 1751047914000,
    "marketName": "1x2",
    "outcomeName": "VL Zagreb",
    "categoryId": "sr:category:1111",
    "tournamentId": "vf:tournament:14149",
    "placedAt": "2025-06-27T18:09:28.739Z"
  },
  {
    "sportId": "sr:sport:1",
    "eventId": "vf:match:1383699295",
    "producer": 6,
    "marketId": "1",
    "specifiers": "",
    "outcomeId": "1",
    "amount": 100,
    "odds": 1.85,
    "specifierKeys": "",
    "eventName": "VL Athens vs. VL Copenhagen",
    "scheduledTime": 1751047914000,
    "marketName": "1x2",
    "outcomeName": "VL Athens",
    "categoryId": "sr:category:1111",
    "tournamentId": "vf:tournament:14149",
    "placedAt": "2025-06-27T18:11:29.180Z"
  },
  {
    "sportId": "sr:sport:1",
    "eventId": "vf:match:1383701651",
    "producer": 6,
    "marketId": "1",
    "specifiers": "",
    "outcomeId": "1",
    "amount": 100,
    "odds": 1.9,
    "specifierKeys": "",
    "eventName": "Watford vs. West Ham",
    "scheduledTime": 1751050212000,
    "marketName": "1x2",
    "outcomeName": "Watford",
    "categoryId": "sr:category:1111",
    "tournamentId": "vf:tournament:31867",
    "placedAt": "2025-06-27T18:48:43.828Z"
  },
  {
    "sportId": "sr:sport:1",
    "eventId": "vf:match:1383701693",
    "producer": 6,
    "marketId": "1",
    "specifiers": "",
    "outcomeId": "1",
    "amount": 100,
    "odds": 1.8,
    "specifierKeys": "",
    "eventName": "Everton vs. Leicester",
    "scheduledTime": 1751050872000,
    "marketName": "1x2",
    "outcomeName": "Everton",
    "categoryId": "sr:category:1111",
    "tournamentId": "vf:tournament:31867",
    "placedAt": "2025-06-27T18:58:45.282Z"
  },
  {
    "sportId": "sr:sport:1",
    "eventId": "vf:match:1383703054",
    "producer": 6,
    "marketId": "1",
    "specifiers": "",
    "outcomeId": "1",
    "amount": 100,
    "odds": 2.6,
    "specifierKeys": "",
    "eventName": "VfB Stuttgart vs. 1. FSV Mainz 05",
    "scheduledTime": 1751052791000,
    "marketName": "1x2",
    "outcomeName": "VfB Stuttgart",
    "categoryId": "sr:category:1111",
    "tournamentId": "vf:tournament:34616",
    "placedAt": "2025-06-27T19:32:45.785Z"
  },
  {
    "sportId": "sr:sport:1",
    "eventId": "vf:match:1383703077",
    "producer": 6,
    "marketId": "1",
    "specifiers": "",
    "outcomeId": "1",
    "amount": 100,
    "odds": 2,
    "specifierKeys": "",
    "eventName": "SV Werder Bremen vs. Hamburger SV",
    "scheduledTime": 1751053451000,
    "marketName": "1x2",
    "outcomeName": "SV Werder Bremen",
    "categoryId": "sr:category:1111",
    "tournamentId": "vf:tournament:34616",
    "placedAt": "2025-06-27T19:42:43.240Z"
  },
  {
    "sportId": "sr:sport:1",
    "eventId": "vf:match:1383730793",
    "producer": 6,
    "marketId": "1",
    "specifiers": "",
    "outcomeId": "1",
    "amount": 100,
    "odds": 1.95,
    "specifierKeys": "",
    "eventName": "Hertha Berlin vs. SC Freiburg",
    "scheduledTime": 1751100931000,
    "marketName": "1x2",
    "outcomeName": "Hertha Berlin",
    "categoryId": "sr:category:1111",
    "tournamentId": "vf:tournament:34616",
    "placedAt": "2025-06-28T08:54:40.862Z"
  }
]