[
  {
    "tournament": "English League",
    "week": 1,
    "date": 1751147992000,
    "matches": [
      {
        "home": "Liverpool",
        "away": "Crystal Palace",
        "homeScore": 0,
        "awayScore": 1
      },
      {
        "home": "Newcastle",
        "away": "London Guns",
        "homeScore": 1,
        "awayScore": 2
      },
      {
        "home": "Bournemouth",
        "away": "Southampton",
        "homeScore": 1,
        "awayScore": 0
      },
      {
        "home": "Manchester Blue",
        "away": "Leicester",
        "homeScore": 1,
        "awayScore": 0
      },
      {
        "home": "Tottenham",
        "away": "Wolverhampton",
        "homeScore": 2,
        "awayScore": 0
      },
      {
        "home": "Burnley",
        "away": "West Ham",
        "homeScore": 0,
        "awayScore": 1
      },
      {
        "home": "Chelsea",
        "away": "Manchester Reds",
        "homeScore": 0,
        "awayScore": 2
      },
      {
        "home": "Watford",
        "away": "Everton",
        "homeScore": 2,
        "awayScore": 2
      }
    ]
  },
  {
    "tournament": "English League",
    "week": 2,
    "date": 1751148212000,
    "matches": [
      {
        "home": "Leicester",
        "away": "Chelsea",
        "homeScore": 2,
        "awayScore": 2
      },
      {
        "home": "West Ham",
        "away": "Tottenham",
        "homeScore": 1,
        "awayScore": 1
      },
      {
        "home": "Southampton",
        "away": "Newcastle",
        "homeScore": 4,
        "awayScore": 0
      },
      {
        "home": "Crystal Palace",
        "away": "Watford",
        "homeScore": 2,
        "awayScore": 2
      },
      {
        "home": "Manchester Reds",
        "away": "Burnley",
        "homeScore": 1,
        "awayScore": 0
      },
      {
        "home": "Wolverhampton",
        "away": "Liverpool",
        "homeScore": 2,
        "awayScore": 1
      },
      {
        "home": "Everton",
        "away": "Bournemouth",
        "homeScore": 1,
        "awayScore": 1
      },
      {
        "home": "London Guns",
        "away": "Manchester Blue",
        "homeScore": 3,
        "awayScore": 1
      }
    ]
  },
  {
    "tournament": "English League",
    "week": 3,
    "date": 1751148432000,
    "matches": [
      {
        "home": "Newcastle",
        "away": "Everton",
        "homeScore": 1,
        "awayScore": 2
      },
      {
        "home": "Manchester Reds",
        "away": "West Ham",
        "homeScore": 3,
        "awayScore": 1
      },
      {
        "home": "Burnley",
        "away": "Leicester",
        "homeScore": 0,
        "awayScore": 1
      },
      {
        "home": "Liverpool",
        "away": "Tottenham",
        "homeScore": 0,
        "awayScore": 1
      },
      {
        "home": "Chelsea",
        "away": "London Guns",
        "homeScore": 3,
        "awayScore": 1
      },
      {
        "home": "Watford",
        "away": "Wolverhampton",
        "homeScore": 0,
        "awayScore": 0
      },
      {
        "home": "Manchester Blue",
        "away": "Southampton",
        "homeScore": 3,
        "awayScore": 1
      },
      {
        "home": "Bournemouth",
        "away": "Crystal Palace",
        "homeScore": 2,
        "awayScore": 2
      }
    ]
  },
  {
    "tournament": "English League",
    "week": 4,
    "date": 1751148652000,
    "matches": [
      {
        "home": "Crystal Palace",
        "away": "Newcastle",
        "homeScore": 3,
        "awayScore": 3
      },
      {
        "home": "Tottenham",
        "away": "Watford",
        "homeScore": 3,
        "awayScore": 0
      },
      {
        "home": "Wolverhampton",
        "away": "Bournemouth",
        "homeScore": 0,
        "awayScore": 0
      },
      {
        "home": "Leicester",
        "away": "Manchester Reds",
        "homeScore": 1,
        "awayScore": 1
      },
      {
        "home": "Everton",
        "away": "Manchester Blue",
        "homeScore": 0,
        "awayScore": 2
      },
      {
        "home": "West Ham",
        "away": "Liverpool",
        "homeScore": 0,
        "awayScore": 2
      },
      {
        "home": "London Guns",
        "away": "Burnley",
        "homeScore": 2,
        "awayScore": 0
      },
      {
        "home": "Southampton",
        "away": "Chelsea",
        "homeScore": 0,
        "awayScore": 4
      }
    ]
  },
  {
    "tournament": "English League",
    "week": 5,
    "date": 1751148872000,
    "matches": [
      {
        "home": "Manchester Reds",
        "away": "London Guns",
        "homeScore": 2,
        "awayScore": 4
      },
      {
        "home": "Burnley",
        "away": "Southampton",
        "homeScore": 1,
        "awayScore": 0
      },
      {
        "home": "Leicester",
        "away": "West Ham",
        "homeScore": 3,
        "awayScore": 1
      },
      {
        "home": "Chelsea",
        "away": "Everton",
        "homeScore": 1,
        "awayScore": 3
      },
      {
        "home": "Bournemouth",
        "away": "Tottenham",
        "homeScore": 2,
        "awayScore": 2
      },
      {
        "home": "Manchester Blue",
        "away": "Crystal Palace",
        "homeScore": 3,
        "awayScore": 1
      },
      {
        "home": "Watford",
        "away": "Liverpool",
        "homeScore": 0,
        "awayScore": 2
      },
      {
        "home": "Newcastle",
        "away": "Wolverhampton",
        "homeScore": 1,
        "awayScore": 1
      }
    ]
  },
  {
    "tournament": "English League",
    "week": 6,
    "date": 1751149092000,
    "matches": [
      {
        "home": "Liverpool",
        "away": "Bournemouth",
        "homeScore": 0,
        "awayScore": 1
      },
      {
        "home": "Southampton",
        "away": "Manchester Reds",
        "homeScore": 0,
        "awayScore": 3
      },
      {
        "home": "West Ham",
        "away": "Watford",
        "homeScore": 0,
        "awayScore": 2
      },
      {
        "home": "Tottenham",
        "away": "Newcastle",
        "homeScore": 4,
        "awayScore": 1
      },
      {
        "home": "Crystal Palace",
        "away": "Chelsea",
        "homeScore": 1,
        "awayScore": 2
      },
      {
        "home": "London Guns",
        "away": "Leicester",
        "homeScore": 2,
        "awayScore": 3
      },
      {
        "home": "Wolverhampton",
        "away": "Manchester Blue",
        "homeScore": 0,
        "awayScore": 1
      },
      {
        "home": "Everton",
        "away": "Burnley",
        "homeScore": 0,
        "awayScore": 1
      }
    ]
  },
  {
    "tournament": "English League",
    "week": 7,
    "date": 1751149312000,
    "matches": [
      {
        "home": "London Guns",
        "away": "West Ham",
        "homeScore": 0,
        "awayScore": 2
      },
      {
        "home": "Manchester Reds",
        "away": "Everton",
        "homeScore": 1,
        "awayScore": 0
      },
      {
        "home": "Newcastle",
        "away": "Liverpool",
        "homeScore": 2,
        "awayScore": 3
      },
      {
        "home": "Bournemouth",
        "away": "Watford",
        "homeScore": 2,
        "awayScore": 0
      },
      {
        "home": "Burnley",
        "away": "Crystal Palace",
        "homeScore": 1,
        "awayScore": 2
      },
      {
        "home": "Leicester",
        "away": "Southampton",
        "homeScore": 1,
        "awayScore": 0
      },
      {
        "home": "Chelsea",
        "away": "Wolverhampton",
        "homeScore": 1,
        "awayScore": 1
      },
      {
        "home": "Manchester Blue",
        "away": "Tottenham",
        "homeScore": 2,
        "awayScore": 0
      }
    ]
  },
  {
    "tournament": "English League",
    "week": 8,
    "date": 1751149532000,
    "matches": [
      {
        "home": "West Ham",
        "away": "Bournemouth",
        "homeScore": 0,
        "awayScore": 1
      },
      {
        "home": "Tottenham",
        "away": "Chelsea",
        "homeScore": 2,
        "awayScore": 2
      },
      {
        "home": "Liverpool",
        "away": "Manchester Blue",
        "homeScore": 2,
        "awayScore": 1
      },
      {
        "home": "Southampton",
        "away": "London Guns",
        "homeScore": 1,
        "awayScore": 2
      },
      {
        "home": "Everton",
        "away": "Leicester",
        "homeScore": 3,
        "awayScore": 2
      },
      {
        "home": "Wolverhampton",
        "away": "Burnley",
        "homeScore": 1,
        "awayScore": 0
      },
      {
        "home": "Watford",
        "away": "Newcastle",
        "homeScore": 2,
        "awayScore": 0
      },
      {
        "home": "Crystal Palace",
        "away": "Manchester Reds",
        "homeScore": 2,
        "awayScore": 4
      }
    ]
  },
  {
    "tournament": "English League",
    "week": 9,
    "date": 1751149752000,
    "matches": [
      {
        "home": "Leicester",
        "away": "Crystal Palace",
        "homeScore": 2,
        "awayScore": 0
      },
      {
        "home": "Burnley",
        "away": "Tottenham",
        "homeScore": 0,
        "awayScore": 1
      },
      {
        "home": "London Guns",
        "away": "Everton",
        "homeScore": 3,
        "awayScore": 2
      },
      {
        "home": "Southampton",
        "away": "West Ham",
        "homeScore": 0,
        "awayScore": 0
      },
      {
        "home": "Newcastle",
        "away": "Bournemouth",
        "homeScore": 1,
        "awayScore": 1
      },
      {
        "home": "Manchester Reds",
        "away": "Wolverhampton",
        "homeScore": 3,
        "awayScore": 0
      },
      {
        "home": "Manchester Blue",
        "away": "Watford",
        "homeScore": 2,
        "awayScore": 0
      },
      {
        "home": "Chelsea",
        "away": "Liverpool",
        "homeScore": 1,
        "awayScore": 2
      }
    ]
  },
  {
    "tournament": "English League",
    "week": 10,
    "date": 1751149972000,
    "matches": [
      {
        "home": "Bournemouth",
        "away": "Manchester Blue",
        "homeScore": 2,
        "awayScore": 1
      },
      {
        "home": "Watford",
        "away": "Chelsea",
        "homeScore": 0,
        "awayScore": 3
      },
      {
        "home": "Everton",
        "away": "Southampton",
        "homeScore": 1,
        "awayScore": 1
      },
      {
        "home": "Wolverhampton",
        "away": "Leicester",
        "homeScore": 4,
        "awayScore": 2
      },
      {
        "home": "Tottenham",
        "away": "Manchester Reds",
        "homeScore": 2,
        "awayScore": 0
      },
      {
        "home": "West Ham",
        "away": "Newcastle",
        "homeScore": 0,
        "awayScore": 0
      },
      {
        "home": "Crystal Palace",
        "away": "London Guns",
        "homeScore": 0,
        "awayScore": 0
      },
      {
        "home": "Liverpool",
        "away": "Burnley",
        "homeScore": 1,
        "awayScore": 0
      }
    ]
  },
  {
    "tournament": "English League",
    "week": 11,
    "date": 1751150192000,
    "matches": [
      {
        "home": "Burnley",
        "away": "Watford",
        "homeScore": 0,
        "awayScore": 3
      },
      {
        "home": "Manchester Reds",
        "away": "Liverpool",
        "homeScore": 0,
        "awayScore": 1
      },
      {
        "home": "Chelsea",
        "away": "Bournemouth",
        "homeScore": 2,
        "awayScore": 1
      },
      {
        "home": "Everton",
        "away": "West Ham",
        "homeScore": 3,
        "awayScore": 1
      },
      {
        "home": "London Guns",
        "away": "Wolverhampton",
        "homeScore": 2,
        "awayScore": 1
      },
      {
        "home": "Southampton",
        "away": "Crystal Palace",
        "homeScore": 3,
        "awayScore": 2
      },
      {
        "home": "Manchester Blue",
        "away": "Newcastle",
        "homeScore": 4,
        "awayScore": 0
      },
      {
        "home": "Leicester",
        "away": "Tottenham",
        "homeScore": 1,
        "awayScore": 2
      }
    ]
  },
  {
    "tournament": "English League",
    "week": 12,
    "date": 1751150412000,
    "matches": [
      {
        "home": "Newcastle",
        "away": "Chelsea",
        "homeScore": 1,
        "awayScore": 1
      },
      {
        "home": "Crystal Palace",
        "away": "Everton",
        "homeScore": 1,
        "awayScore": 3
      },
      {
        "home": "Wolverhampton",
        "away": "Southampton",
        "homeScore": 1,
        "awayScore": 2
      },
      {
        "home": "Watford",
        "away": "Manchester Reds",
        "homeScore": 1,
        "awayScore": 4
      },
      {
        "home": "Bournemouth",
        "away": "Burnley",
        "homeScore": 1,
        "awayScore": 0
      },
      {
        "home": "Liverpool",
        "away": "Leicester",
        "homeScore": 1,
        "awayScore": 2
      },
      {
        "home": "West Ham",
        "away": "Manchester Blue",
        "homeScore": 2,
        "awayScore": 1
      },
      {
        "home": "Tottenham",
        "away": "London Guns",
        "homeScore": 0,
        "awayScore": 1
      }
    ]
  },
  {
    "tournament": "English League",
    "week": 13,
    "date": 1751150632000,
    "matches": [
      {
        "home": "Burnley",
        "away": "Newcastle",
        "homeScore": 3,
        "awayScore": 1
      },
      {
        "home": "Southampton",
        "away": "Tottenham",
        "homeScore": 2,
        "awayScore": 1
      },
      {
        "home": "Leicester",
        "away": "Watford",
        "homeScore": 1,
        "awayScore": 2
      },
      {
        "home": "Crystal Palace",
        "away": "West Ham",
        "homeScore": 1,
        "awayScore": 0
      },
      {
        "home": "Chelsea",
        "away": "Manchester Blue",
        "homeScore": 1,
        "awayScore": 1
      },
      {
        "home": "London Guns",
        "away": "Liverpool",
        "homeScore": 2,
        "awayScore": 0
      },
      {
        "home": "Everton",
        "away": "Wolverhampton",
        "homeScore": 1,
        "awayScore": 1
      },
      {
        "home": "Manchester Reds",
        "away": "Bournemouth",
        "homeScore": 1,
        "awayScore": 0
      }
    ]
  },
  {
    "tournament": "English League",
    "week": 14,
    "date": 1751150852000,
    "matches": [
      {
        "home": "Watford",
        "away": "London Guns",
        "homeScore": 1,
        "awayScore": 1
      },
      {
        "home": "Tottenham",
        "away": "Everton",
        "homeScore": 3,
        "awayScore": 1
      },
      {
        "home": "Newcastle",
        "away": "Manchester Reds",
        "homeScore": 0,
        "awayScore": 3
      },
      {
        "home": "West Ham",
        "away": "Chelsea",
        "homeScore": 0,
        "awayScore": 0
      },
      {
        "home": "Wolverhampton",
        "away": "Crystal Palace",
        "homeScore": 3,
        "awayScore": 0
      },
      {
        "home": "Liverpool",
        "away": "Southampton",
        "homeScore": 2,
        "awayScore": 0
      },
      {
        "home": "Manchester Blue",
        "away": "Burnley",
        "homeScore": 2,
        "awayScore": 1
      },
      {
        "home": "Bournemouth",
        "away": "Leicester",
        "homeScore": 1,
        "awayScore": 0
      }
    ]
  },
  {
    "tournament": "English League",
    "week": 15,
    "date": 1751151072000,
    "matches": [
      {
        "home": "Crystal Palace",
        "away": "Tottenham",
        "homeScore": 0,
        "awayScore": 2
      },
      {
        "home": "Manchester Reds",
        "away": "Manchester Blue",
        "homeScore": 1,
        "awayScore": 1
      },
      {
        "home": "Everton",
        "away": "Liverpool",
        "homeScore": 1,
        "awayScore": 3
      },
      {
        "home": "London Guns",
        "away": "Bournemouth",
        "homeScore": 1,
        "awayScore": 1
      },
      {
        "home": "Leicester",
        "away": "Newcastle",
        "homeScore": 3,
        "awayScore": 1
      },
      {
        "home": "Burnley",
        "away": "Chelsea",
        "homeScore": 1,
        "awayScore": 4
      },
      {
        "home": "Wolverhampton",
        "away": "West Ham",
        "homeScore": 2,
        "awayScore": 0
      },
      {
        "home": "Southampton",
        "away": "Watford",
        "homeScore": 0,
        "awayScore": 0
      }
    ]
  },
  {
    "tournament": "English League",
    "week": 16,
    "date": 1751151292000,
    "matches": [
      {
        "home": "Crystal Palace",
        "away": "Liverpool",
        "homeScore": 2,
        "awayScore": 2
      },
      {
        "home": "London Guns",
        "away": "Newcastle",
        "homeScore": 1,
        "awayScore": 0
      },
      {
        "home": "Southampton",
        "away": "Bournemouth",
        "homeScore": 0,
        "awayScore": 2
      },
      {
        "home": "Leicester",
        "away": "Manchester Blue",
        "homeScore": 1,
        "awayScore": 3
      },
      {
        "home": "Wolverhampton",
        "away": "Tottenham",
        "homeScore": 0,
        "awayScore": 0
      },
      {
        "home": "West Ham",
        "away": "Burnley",
        "homeScore": 3,
        "awayScore": 0
      },
      {
        "home": "Manchester Reds",
        "away": "Chelsea",
        "homeScore": 4,
        "awayScore": 1
      },
      {
        "home": "Everton",
        "away": "Watford",
        "homeScore": 1,
        "awayScore": 0
      }
    ]
  },
  {
    "tournament": "English League",
    "week": 17,
    "date": 1751151512000,
    "matches": [
      {
        "home": "Chelsea",
        "away": "Leicester",
        "homeScore": 5,
        "awayScore": 1
      },
      {
        "home": "Tottenham",
        "away": "West Ham",
        "homeScore": 2,
        "awayScore": 1
      },
      {
        "home": "Newcastle",
        "away": "Southampton",
        "homeScore": 1,
        "awayScore": 1
      },
      {
        "home": "Watford",
        "away": "Crystal Palace",
        "homeScore": 3,
        "awayScore": 2
      },
      {
        "home": "Burnley",
        "away": "Manchester Reds",
        "homeScore": 0,
        "awayScore": 1
      },
      {
        "home": "Liverpool",
        "away": "Wolverhampton",
        "homeScore": 1,
        "awayScore": 0
      },
      {
        "home": "Bournemouth",
        "away": "Everton",
        "homeScore": 1,
        "awayScore": 2
      },
      {
        "home": "Manchester Blue",
        "away": "London Guns",
        "homeScore": 2,
        "awayScore": 1
      }
    ]
  },
  {
    "tournament": "English League",
    "week": 18,
    "date": 1751151732000,
    "matches": [
      {
        "home": "Everton",
        "away": "Newcastle",
        "homeScore": 2,
        "awayScore": 1
      },
      {
        "home": "West Ham",
        "away": "Manchester Reds",
        "homeScore": 1,
        "awayScore": 5
      },
      {
        "home": "Leicester",
        "away": "Burnley",
        "homeScore": 0,
        "awayScore": 0
      },
      {
        "home": "Tottenham",
        "away": "Liverpool",
        "homeScore": 0,
        "awayScore": 2
      },
      {
        "home": "London Guns",
        "away": "Chelsea",
        "homeScore": 4,
        "awayScore": 1
      },
      {
        "home": "Wolverhampton",
        "away": "Watford",
        "homeScore": 1,
        "awayScore": 1
      },
      {
        "home": "Southampton",
        "away": "Manchester Blue",
        "homeScore": 1,
        "awayScore": 3
      },
      {
        "home": "Crystal Palace",
        "away": "Bournemouth",
        "homeScore": 0,
        "awayScore": 3
      }
    ]
  },
  {
    "tournament": "English League",
    "week": 19,
    "date": 1751151952000,
    "matches": [
      {
        "home": "Newcastle",
        "away": "Crystal Palace",
        "homeScore": 3,
        "awayScore": 0
      },
      {
        "home": "Watford",
        "away": "Tottenham",
        "homeScore": 0,
        "awayScore": 3
      },
      {
        "home": "Bournemouth",
        "away": "Wolverhampton",
        "homeScore": 1,
        "awayScore": 1
      },
      {
        "home": "Manchester Reds",
        "away": "Leicester",
        "homeScore": 2,
        "awayScore": 0
      },
      {
        "home": "Manchester Blue",
        "away": "Everton",
        "homeScore": 3,
        "awayScore": 1
      },
      {
        "home": "Liverpool",
        "away": "West Ham",
        "homeScore": 1,
        "awayScore": 1
      },
      {
        "home": "Burnley",
        "away": "London Guns",
        "homeScore": 1,
        "awayScore": 1
      },
      {
        "home": "Chelsea",
        "away": "Southampton",
        "homeScore": 1,
        "awayScore": 0
      }
    ]
  },
  {
    "tournament": "English League",
    "week": 20,
    "date": 1751152172000,
    "matches": [
      {
        "home": "London Guns",
        "away": "Manchester Reds",
        "homeScore": 2,
        "awayScore": 2
      },
      {
        "home": "Southampton",
        "away": "Burnley",
        "homeScore": 0,
        "awayScore": 0
      },
      {
        "home": "West Ham",
        "away": "Leicester",
        "homeScore": 0,
        "awayScore": 2
      },
      {
        "home": "Everton",
        "away": "Chelsea",
        "homeScore": 2,
        "awayScore": 1
      },
      {
        "home": "Tottenham",
        "away": "Bournemouth",
        "homeScore": 1,
        "awayScore": 0
      },
      {
        "home": "Crystal Palace",
        "away": "Manchester Blue",
        "homeScore": 0,
        "awayScore": 2
      },
      {
        "home": "Liverpool",
        "away": "Watford",
        "homeScore": 3,
        "awayScore": 0
      },
      {
        "home": "Wolverhampton",
        "away": "Newcastle",
        "homeScore": 1,
        "awayScore": 1
      }
    ]
  },
  {
    "tournament": "English League",
    "week": 21,
    "date": 1751152392000,
    "matches": [
      {
        "home": "Bournemouth",
        "away": "Liverpool",
        "homeScore": 0,
        "awayScore": 1
      },
      {
        "home": "Manchester Reds",
        "away": "Southampton",
        "homeScore": 1,
        "awayScore": 1
      },
      {
        "home": "Watford",
        "away": "West Ham",
        "homeScore": 2,
        "awayScore": 0
      },
      {
        "home": "Newcastle",
        "away": "Tottenham",
        "homeScore": 2,
        "awayScore": 1
      },
      {
        "home": "Chelsea",
        "away": "Crystal Palace",
        "homeScore": 4,
        "awayScore": 2
      },
      {
        "home": "Leicester",
        "away": "London Guns",
        "homeScore": 2,
        "awayScore": 1
      },
      {
        "home": "Manchester Blue",
        "away": "Wolverhampton",
        "homeScore": 1,
        "awayScore": 1
      },
      {
        "home": "Burnley",
        "away": "Everton",
        "homeScore": 0,
        "awayScore": 0
      }
    ]
  },
  {
    "tournament": "English League",
    "week": 22,
    "date": 1751152612000,
    "matches": [
      {
        "home": "West Ham",
        "away": "London Guns",
        "homeScore": 0,
        "awayScore": 1
      },
      {
        "home": "Everton",
        "away": "Manchester Reds",
        "homeScore": 2,
        "awayScore": 0
      },
      {
        "home": "Liverpool",
        "away": "Newcastle",
        "homeScore": 2,
        "awayScore": 0
      },
      {
        "home": "Watford",
        "away": "Bournemouth",
        "homeScore": 0,
        "awayScore": 0
      },
      {
        "home": "Crystal Palace",
        "away": "Burnley",
        "homeScore": 1,
        "awayScore": 1
      },
      {
        "home": "Southampton",
        "away": "Leicester",
        "homeScore": 0,
        "awayScore": 0
      },
      {
        "home": "Wolverhampton",
        "away": "Chelsea",
        "homeScore": 0,
        "awayScore": 0
      },
      {
        "home": "Tottenham",
        "away": "Manchester Blue",
        "homeScore": 1,
        "awayScore": 0
      }
    ]
  },
  {
    "tournament": "League Mode",
    "week": 1,
    "date": 1751152434000,
    "matches": [
      {
        "home": "VL Lisbon",
        "away": "VL Amsterdam",
        "homeScore": 1,
        "awayScore": 0
      },
      {
        "home": "VL Athens",
        "away": "VL Bern",
        "homeScore": 0,
        "awayScore": 0
      },
      {
        "home": "VL Prague",
        "away": "VL Berlin",
        "homeScore": 0,
        "awayScore": 3
      },
      {
        "home": "VL London",
        "away": "VL Rome",
        "homeScore": 2,
        "awayScore": 1
      },
      {
        "home": "VL Kiev",
        "away": "VL Moscow",
        "homeScore": 2,
        "awayScore": 2
      },
      {
        "home": "VL Vienna",
        "away": "VL Ankara",
        "homeScore": 0,
        "awayScore": 1
      },
      {
        "home": "VL Zagreb",
        "away": "VL Paris",
        "homeScore": 0,
        "awayScore": 0
      },
      {
        "home": "VL Madrid",
        "away": "VL Copenhagen",
        "homeScore": 6,
        "awayScore": 0
      }
    ]
  },
  {
    "tournament": "League Mode",
    "week": 2,
    "date": 1751152654000,
    "matches": [
      {
        "home": "VL Rome",
        "away": "VL Zagreb",
        "homeScore": 3,
        "awayScore": 0
      },
      {
        "home": "VL Ankara",
        "away": "VL Kiev",
        "homeScore": 1,
        "awayScore": 4
      },
      {
        "home": "VL Berlin",
        "away": "VL Athens",
        "homeScore": 2,
        "awayScore": 0
      },
      {
        "home": "VL Amsterdam",
        "away": "VL Madrid",
        "homeScore": 1,
        "awayScore": 1
      },
      {
        "home": "VL Paris",
        "away": "VL Vienna",
        "homeScore": 0,
        "awayScore": 1
      },
      {
        "home": "VL Moscow",
        "away": "VL Lisbon",
        "homeScore": 1,
        "awayScore": 0
      },
      {
        "home": "VL Copenhagen",
        "away": "VL Prague",
        "homeScore": 0,
        "awayScore": 3
      },
      {
        "home": "VL Bern",
        "away": "VL London",
        "homeScore": 2,
        "awayScore": 2
      }
    ]
  },
  {
    "tournament": "Bundesliga",
    "week": 1,
    "date": 1751152431000,
    "matches": [
      {
        "home": "Hamburger SV",
        "away": "Bayer 04 Leverkusen",
        "homeScore": 0,
        "awayScore": 1
      },
      {
        "home": "FC Bayern München",
        "away": "TSG Hoffenheim",
        "homeScore": 2,
        "awayScore": 0
      },
      {
        "home": "Borussia Dortmund",
        "away": "Hertha Berlin",
        "homeScore": 0,
        "awayScore": 3
      },
      {
        "home": "SC Freiburg",
        "away": "VfL Wolfsburg",
        "homeScore": 1,
        "awayScore": 1
      },
      {
        "home": "Borussia M'gladbach",
        "away": "FC Augsburg",
        "homeScore": 1,
        "awayScore": 1
      },
      {
        "home": "1. FSV Mainz 05",
        "away": "VfB Stuttgart",
        "homeScore": 5,
        "awayScore": 1
      },
      {
        "home": "Eintracht Frankfurt",
        "away": "SV Werder Bremen",
        "homeScore": 4,
        "awayScore": 0
      },
      {
        "home": "Hannover 96",
        "away": "FC Schalke 04",
        "homeScore": 0,
        "awayScore": 2
      }
    ]
  },
  {
    "tournament": "Bundesliga",
    "week": 2,
    "date": 1751152651000,
    "matches": [
      {
        "home": "VfL Wolfsburg",
        "away": "Eintracht Frankfurt",
        "homeScore": 2,
        "awayScore": 4
      },
      {
        "home": "VfB Stuttgart",
        "away": "Borussia M'gladbach",
        "homeScore": 1,
        "awayScore": 2
      },
      {
        "home": "Hertha Berlin",
        "away": "FC Bayern München",
        "homeScore": 2,
        "awayScore": 1
      },
      {
        "home": "Bayer 04 Leverkusen",
        "away": "Hannover 96",
        "homeScore": 1,
        "awayScore": 1
      },
      {
        "home": "SV Werder Bremen",
        "away": "1. FSV Mainz 05",
        "homeScore": 0,
        "awayScore": 1
      },
      {
        "home": "FC Augsburg",
        "away": "Hamburger SV",
        "homeScore": 1,
        "awayScore": 0
      },
      {
        "home": "FC Schalke 04",
        "away": "Borussia Dortmund",
        "homeScore": 1,
        "awayScore": 3
      },
      {
        "home": "TSG Hoffenheim",
        "away": "SC Freiburg",
        "homeScore": 0,
        "awayScore": 1
      }
    ]
  }
]