[
  {
    "tournamentId": "vf:tournament:14149",
    "seasons": [
      {
        "seasonId": "vf:season:2973436",
        "latestWeek": 14,
        "standings": [
          {
            "team": "VL Amsterdam",
            "P": 14,
            "W": 9,
            "D": 3,
            "L": 2,
            "GF": 29,
            "GA": 14,
            "GD": 15,
            "PTS": 30
          },
          {
            "team": "VL London",
            "P": 14,
            "W": 9,
            "D": 1,
            "L": 4,
            "GF": 22,
            "GA": 9,
            "GD": 13,
            "PTS": 28
          },
          {
            "team": "VL Rome",
            "P": 14,
            "W": 8,
            "D": 1,
            "L": 5,
            "GF": 21,
            "GA": 13,
            "GD": 8,
            "PTS": 25
          },
          {
            "team": "VL Moscow",
            "P": 14,
            "W": 7,
            "D": 4,
            "L": 3,
            "GF": 18,
            "GA": 10,
            "GD": 8,
            "PTS": 25
          },
          {
            "team": "VL Athens",
            "P": 14,
            "W": 8,
            "D": 1,
            "L": 5,
            "GF": 18,
            "GA": 14,
            "GD": 4,
            "PTS": 25
          },
          {
            "team": "VL Madrid",
            "P": 14,
            "W": 7,
            "D": 2,
            "L": 5,
            "GF": 23,
            "GA": 16,
            "GD": 7,
            "PTS": 23
          },
          {
            "team": "VL Kiev",
            "P": 14,
            "W": 7,
            "D": 2,
            "L": 5,
            "GF": 21,
            "GA": 18,
            "GD": 3,
            "PTS": 23
          },
          {
            "team": "VL Zagreb",
            "P": 14,
            "W": 6,
            "D": 3,
            "L": 5,
            "GF": 18,
            "GA": 14,
            "GD": 4,
            "PTS": 21
          },
          {
            "team": "VL Lisbon",
            "P": 14,
            "W": 6,
            "D": 3,
            "L": 5,
            "GF": 17,
            "GA": 15,
            "GD": 2,
            "PTS": 21
          },
          {
            "team": "VL Berlin",
            "P": 14,
            "W": 5,
            "D": 4,
            "L": 5,
            "GF": 16,
            "GA": 11,
            "GD": 5,
            "PTS": 19
          },
          {
            "team": "VL Copenhagen",
            "P": 14,
            "W": 6,
            "D": 0,
            "L": 8,
            "GF": 11,
            "GA": 19,
            "GD": -8,
            "PTS": 18
          },
          {
            "team": "VL Paris",
            "P": 14,
            "W": 3,
            "D": 6,
            "L": 5,
            "GF": 17,
            "GA": 23,
            "GD": -6,
            "PTS": 15
          },
          {
            "team": "VL Ankara",
            "P": 14,
            "W": 4,
            "D": 1,
            "L": 9,
            "GF": 10,
            "GA": 21,
            "GD": -11,
            "PTS": 13
          },
          {
            "team": "VL Vienna",
            "P": 14,
            "W": 3,
            "D": 3,
            "L": 8,
            "GF": 8,
            "GA": 21,
            "GD": -13,
            "PTS": 12
          },
          {
            "team": "VL Prague",
            "P": 14,
            "W": 3,
            "D": 2,
            "L": 9,
            "GF": 14,
            "GA": 29,
            "GD": -15,
            "PTS": 11
          },
          {
            "team": "VL Bern",
            "P": 14,
            "W": 0,
            "D": 6,
            "L": 8,
            "GF": 9,
            "GA": 25,
            "GD": -16,
            "PTS": 6
          }
        ]
      }
    ]
  },
  {
    "tournamentId": "vf:tournament:34616",
    "seasons": [
      {
        "seasonId": "vf:season:2973435",
        "latestWeek": 14,
        "standings": [
          {
            "team": "Borussia Dortmund",
            "P": 14,
            "W": 10,
            "D": 4,
            "L": 0,
            "GF": 33,
            "GA": 8,
            "GD": 25,
            "PTS": 34
          },
          {
            "team": "Borussia M'gladbach",
            "P": 14,
            "W": 10,
            "D": 3,
            "L": 1,
            "GF": 28,
            "GA": 10,
            "GD": 18,
            "PTS": 33
          },
          {
            "team": "FC Bayern München",
            "P": 14,
            "W": 9,
            "D": 2,
            "L": 3,
            "GF": 26,
            "GA": 9,
            "GD": 17,
            "PTS": 29
          },
          {
            "team": "Hertha Berlin",
            "P": 14,
            "W": 9,
            "D": 1,
            "L": 4,
            "GF": 24,
            "GA": 13,
            "GD": 11,
            "PTS": 28
          },
          {
            "team": "SC Freiburg",
            "P": 14,
            "W": 8,
            "D": 1,
            "L": 5,
            "GF": 18,
            "GA": 13,
            "GD": 5,
            "PTS": 25
          },
          {
            "team": "Bayer 04 Leverkusen",
            "P": 14,
            "W": 7,
            "D": 1,
            "L": 6,
            "GF": 24,
            "GA": 15,
            "GD": 9,
            "PTS": 22
          },
          {
            "team": "TSG Hoffenheim",
            "P": 14,
            "W": 5,
            "D": 6,
            "L": 3,
            "GF": 16,
            "GA": 14,
            "GD": 2,
            "PTS": 21
          },
          {
            "team": "Eintracht Frankfurt",
            "P": 14,
            "W": 5,
            "D": 5,
            "L": 4,
            "GF": 14,
            "GA": 12,
            "GD": 2,
            "PTS": 20
          },
          {
            "team": "VfL Wolfsburg",
            "P": 14,
            "W": 5,
            "D": 4,
            "L": 5,
            "GF": 22,
            "GA": 22,
            "GD": 0,
            "PTS": 19
          },
          {
            "team": "FC Schalke 04",
            "P": 14,
            "W": 3,
            "D": 7,
            "L": 4,
            "GF": 13,
            "GA": 15,
            "GD": -2,
            "PTS": 16
          },
          {
            "team": "Hannover 96",
            "P": 14,
            "W": 4,
            "D": 4,
            "L": 6,
            "GF": 10,
            "GA": 22,
            "GD": -12,
            "PTS": 16
          },
          {
            "team": "VfB Stuttgart",
            "P": 14,
            "W": 4,
            "D": 2,
            "L": 8,
            "GF": 10,
            "GA": 21,
            "GD": -11,
            "PTS": 14
          },
          {
            "team": "FC Augsburg",
            "P": 14,
            "W": 3,
            "D": 3,
            "L": 8,
            "GF": 11,
            "GA": 20,
            "GD": -9,
            "PTS": 12
          },
          {
            "team": "1. FSV Mainz 05",
            "P": 14,
            "W": 3,
            "D": 3,
            "L": 8,
            "GF": 14,
            "GA": 24,
            "GD": -10,
            "PTS": 12
          },
          {
            "team": "Hamburger SV",
            "P": 14,
            "W": 2,
            "D": 1,
            "L": 11,
            "GF": 9,
            "GA": 31,
            "GD": -22,
            "PTS": 7
          },
          {
            "team": "SV Werder Bremen",
            "P": 14,
            "W": 0,
            "D": 3,
            "L": 11,
            "GF": 3,
            "GA": 26,
            "GD": -23,
            "PTS": 3
          }
        ]
      }
    ]
  },
  {
    "tournamentId": "vf:tournament:31867",
    "seasons": [
      {
        "seasonId": "vf:season:2973451",
        "latestWeek": 5,
        "standings": [
          {
            "team": "London Guns",
            "P": 5,
            "W": 3,
            "D": 1,
            "L": 1,
            "GF": 7,
            "GA": 2,
            "GD": 5,
            "PTS": 10
          },
          {
            "team": "Wolverhampton",
            "P": 5,
            "W": 3,
            "D": 1,
            "L": 1,
            "GF": 6,
            "GA": 6,
            "GD": 0,
            "PTS": 10
          },
          {
            "team": "Newcastle",
            "P": 5,
            "W": 2,
            "D": 3,
            "L": 0,
            "GF": 8,
            "GA": 3,
            "GD": 5,
            "PTS": 9
          },
          {
            "team": "Bournemouth",
            "P": 5,
            "W": 2,
            "D": 3,
            "L": 0,
            "GF": 6,
            "GA": 2,
            "GD": 4,
            "PTS": 9
          },
          {
            "team": "Chelsea",
            "P": 5,
            "W": 2,
            "D": 2,
            "L": 1,
            "GF": 8,
            "GA": 6,
            "GD": 2,
            "PTS": 8
          },
          {
            "team": "Southampton",
            "P": 5,
            "W": 2,
            "D": 1,
            "L": 2,
            "GF": 4,
            "GA": 4,
            "GD": 0,
            "PTS": 7
          },
          {
            "team": "Leicester",
            "P": 5,
            "W": 2,
            "D": 1,
            "L": 2,
            "GF": 5,
            "GA": 7,
            "GD": -2,
            "PTS": 7
          },
          {
            "team": "Watford",
            "P": 5,
            "W": 2,
            "D": 1,
            "L": 2,
            "GF": 6,
            "GA": 10,
            "GD": -4,
            "PTS": 7
          },
          {
            "team": "Manchester Blue",
            "P": 5,
            "W": 2,
            "D": 0,
            "L": 3,
            "GF": 11,
            "GA": 8,
            "GD": 3,
            "PTS": 6
          },
          {
            "team": "Everton",
            "P": 5,
            "W": 1,
            "D": 3,
            "L": 1,
            "GF": 5,
            "GA": 4,
            "GD": 1,
            "PTS": 6
          },
          {
            "team": "Liverpool",
            "P": 5,
            "W": 1,
            "D": 3,
            "L": 1,
            "GF": 4,
            "GA": 4,
            "GD": 0,
            "PTS": 6
          },
          {
            "team": "Manchester Reds",
            "P": 5,
            "W": 1,
            "D": 2,
            "L": 2,
            "GF": 5,
            "GA": 6,
            "GD": -1,
            "PTS": 5
          },
          {
            "team": "Tottenham",
            "P": 5,
            "W": 1,
            "D": 2,
            "L": 2,
            "GF": 3,
            "GA": 4,
            "GD": -1,
            "PTS": 5
          },
          {
            "team": "Burnley",
            "P": 5,
            "W": 1,
            "D": 1,
            "L": 3,
            "GF": 3,
            "GA": 7,
            "GD": -4,
            "PTS": 4
          },
          {
            "team": "Crystal Palace",
            "P": 5,
            "W": 1,
            "D": 1,
            "L": 3,
            "GF": 3,
            "GA": 9,
            "GD": -6,
            "PTS": 4
          },
          {
            "team": "West Ham",
            "P": 5,
            "W": 0,
            "D": 3,
            "L": 2,
            "GF": 3,
            "GA": 5,
            "GD": -2,
            "PTS": 3
          }
        ]
      }
    ]
  }
]