[
  {
    "number": 1,
    "scheduleDate": 1748656492000,
    "matches": [
      {
        "producer": 6,
        "sportId": "sr:sport:1",
        "matchId": "vf:match:1382248847",
        "matchName": "Bournemouth vs. Manchester Reds",
        "scheduleTime": 1748656492000,
        "homeTeamName": "Bournemouth",
        "awayTeamName": "Manchester Reds",
        "homeTeamNameAlias": null,
        "awayTeamNameAlias": null,
        "homeAvatar": null,
        "awayAvatar": null,
        "homeScore": 3,
        "awayScore": 0,
        "tournamentId": "vf:tournament:31867",
        "tournamentName": "Virtual Football English League",
        "sportCategoryId": "sr:category:1111",
        "sportCategoryName": "Virtual Football",
        "periodScores": "[{\"awayScore\":0,\"homeScore\":3,\"period\":\"H1\",\"periodDescription\":\"1st half\",\"periodNumber\":1,\"periodType\":\"RegularPeriod\"},{\"awayScore\":0,\"homeScore\":0,\"period\":\"H2\",\"periodDescription\":\"2nd half\",\"periodNumber\":2,\"periodType\":\"RegularPeriod\"}]",
        "periodScoreList": [
          {
            "homeScore": 3,
            "awayScore": 0,
            "periodNumber": 1,
            "periodDescription": "1st half",
            "period": "H1",
            "periodType": "RegularPeriod"
          },
          {
            "homeScore": 0,
            "awayScore": 0,
            "periodNumber": 2,
            "periodDescription": "2nd half",
            "period": "H2",
            "periodType": "RegularPeriod"
          }
        ],
        "eventClock": null,
        "matchStatusDescription": "Ended",
        "matchStatus": "ended",
        "shortCode": 7668,
        "uts": null
      },
      {
        "producer": 6,
        "sportId": "sr:sport:1",
        "matchId": "vf:match:1382248848",
        "matchName": "Chelsea vs. Burnley",
        "scheduleTime": 1748656492000,
        "homeTeamName": "Chelsea",
        "awayTeamName": "Burnley",
        "homeTeamNameAlias": null,
        "awayTeamNameAlias": null,
        "homeAvatar": null,
        "awayAvatar": null,
        "homeScore": 1,
        "awayScore": 0,
        "tournamentId": "vf:tournament:31867",
        "tournamentName": "Virtual Football English League",
        "sportCategoryId": "sr:category:1111",
        "sportCategoryName": "Virtual Football",
        "periodScores": "[{\"awayScore\":0,\"homeScore\":0,\"period\":\"H1\",\"periodDescription\":\"1st half\",\"periodNumber\":1,\"periodType\":\"RegularPeriod\"},{\"awayScore\":0,\"homeScore\":1,\"period\":\"H2\",\"periodDescription\":\"2nd half\",\"periodNumber\":2,\"periodType\":\"RegularPeriod\"}]",
        "periodScoreList": [
          {
            "homeScore": 0,
            "awayScore": 0,
            "periodNumber": 1,
            "periodDescription": "1st half",
            "period": "H1",
            "periodType": "RegularPeriod"
          },
          {
            "homeScore": 1,
            "awayScore": 0,
            "periodNumber": 2,
            "periodDescription": "2nd half",
            "period": "H2",
            "periodType": "RegularPeriod"
          }
        ],
        "eventClock": null,
        "matchStatusDescription": "Ended",
        "matchStatus": "ended",
        "shortCode": 6122,
        "uts": null
      },
      {
        "producer": 6,
        "sportId": "sr:sport:1",
        "matchId": "vf:match:1382248849",
        "matchName": "Everton vs. Newcastle",
        "scheduleTime": 1748656492000,
        "homeTeamName": "Everton",
        "awayTeamName": "Newcastle",
        "homeTeamNameAlias": null,
        "awayTeamNameAlias": null,
        "homeAvatar": null,
        "awayAvatar": null,
        "homeScore": 2,
        "awayScore": 0,
        "tournamentId": "vf:tournament:31867",
        "tournamentName": "Virtual Football English League",
        "sportCategoryId": "sr:category:1111",
        "sportCategoryName": "Virtual Football",
        "periodScores": "[{\"awayScore\":0,\"homeScore\":1,\"period\":\"H1\",\"periodDescription\":\"1st half\",\"periodNumber\":1,\"periodType\":\"RegularPeriod\"},{\"awayScore\":0,\"homeScore\":1,\"period\":\"H2\",\"periodDescription\":\"2nd half\",\"periodNumber\":2,\"periodType\":\"RegularPeriod\"}]",
        "periodScoreList": [
          {
            "homeScore": 1,
            "awayScore": 0,
            "periodNumber": 1,
            "periodDescription": "1st half",
            "period": "H1",
            "periodType": "RegularPeriod"
          },
          {
            "homeScore": 1,
            "awayScore": 0,
            "periodNumber": 2,
            "periodDescription": "2nd half",
            "period": "H2",
            "periodType": "RegularPeriod"
          }
        ],
        "eventClock": null,
        "matchStatusDescription": "Ended",
        "matchStatus": "ended",
        "shortCode": 6471,
        "uts": null
      },
      {
        "producer": 6,
        "sportId": "sr:sport:1",
        "matchId": "vf:match:1382248850",
        "matchName": "Leicester vs. Wolverhampton",
        "scheduleTime": 1748656492000,
        "homeTeamName": "Leicester",
        "awayTeamName": "Wolverhampton",
        "homeTeamNameAlias": null,
        "awayTeamNameAlias": null,
        "homeAvatar": null,
        "awayAvatar": null,
        "homeScore": 1,
        "awayScore": 1,
        "tournamentId": "vf:tournament:31867",
        "tournamentName": "Virtual Football English League",
        "sportCategoryId": "sr:category:1111",
        "sportCategoryName": "Virtual Football",
        "periodScores": "[{\"awayScore\":1,\"homeScore\":0,\"period\":\"H1\",\"periodDescription\":\"1st half\",\"periodNumber\":1,\"periodType\":\"RegularPeriod\"},{\"awayScore\":0,\"homeScore\":1,\"period\":\"H2\",\"periodDescription\":\"2nd half\",\"periodNumber\":2,\"periodType\":\"RegularPeriod\"}]",
        "periodScoreList": [
          {
            "homeScore": 0,
            "awayScore": 1,
            "periodNumber": 1,
            "periodDescription": "1st half",
            "period": "H1",
            "periodType": "RegularPeriod"
          },
          {
            "homeScore": 1,
            "awayScore": 0,
            "periodNumber": 2,
            "periodDescription": "2nd half",
            "period": "H2",
            "periodType": "RegularPeriod"
          }
        ],
        "eventClock": null,
        "matchStatusDescription": "Ended",
        "matchStatus": "ended",
        "shortCode": 8489,
        "uts": null
      },
      {
        "producer": 6,
        "sportId": "sr:sport:1",
        "matchId": "vf:match:1382248851",
        "matchName": "London Guns vs. Manchester Blue",
        "scheduleTime": 1748656492000,
        "homeTeamName": "London Guns",
        "awayTeamName": "Manchester Blue",
        "homeTeamNameAlias": null,
        "awayTeamNameAlias": null,
        "homeAvatar": null,
        "awayAvatar": null,
        "homeScore": 0,
        "awayScore": 0,
        "tournamentId": "vf:tournament:31867",
        "tournamentName": "Virtual Football English League",
        "sportCategoryId": "sr:category:1111",
        "sportCategoryName": "Virtual Football",
        "periodScores": "[{\"awayScore\":0,\"homeScore\":0,\"period\":\"H1\",\"periodDescription\":\"1st half\",\"periodNumber\":1,\"periodType\":\"RegularPeriod\"},{\"awayScore\":0,\"homeScore\":0,\"period\":\"H2\",\"periodDescription\":\"2nd half\",\"periodNumber\":2,\"periodType\":\"RegularPeriod\"}]",
        "periodScoreList": [
          {
            "homeScore": 0,
            "awayScore": 0,
            "periodNumber": 1,
            "periodDescription": "1st half",
            "period": "H1",
            "periodType": "RegularPeriod"
          },
          {
            "homeScore": 0,
            "awayScore": 0,
            "periodNumber": 2,
            "periodDescription": "2nd half",
            "period": "H2",
            "periodType": "RegularPeriod"
          }
        ],
        "eventClock": null,
        "matchStatusDescription": "Ended",
        "matchStatus": "ended",
        "shortCode": 1303,
        "uts": null
      },
      {
        "producer": 6,
        "sportId": "sr:sport:1",
        "matchId": "vf:match:1382248852",
        "matchName": "Crystal Palace vs. Southampton",
        "scheduleTime": 1748656492000,
        "homeTeamName": "Crystal Palace",
        "awayTeamName": "Southampton",
        "homeTeamNameAlias": null,
        "awayTeamNameAlias": null,
        "homeAvatar": null,
        "awayAvatar": null,
        "homeScore": 0,
        "awayScore": 0,
        "tournamentId": "vf:tournament:31867",
        "tournamentName": "Virtual Football English League",
        "sportCategoryId": "sr:category:1111",
        "sportCategoryName": "Virtual Football",
        "periodScores": "[{\"awayScore\":0,\"homeScore\":0,\"period\":\"H1\",\"periodDescription\":\"1st half\",\"periodNumber\":1,\"periodType\":\"RegularPeriod\"},{\"awayScore\":0,\"homeScore\":0,\"period\":\"H2\",\"periodDescription\":\"2nd half\",\"periodNumber\":2,\"periodType\":\"RegularPeriod\"}]",
        "periodScoreList": [
          {
            "homeScore": 0,
            "awayScore": 0,
            "periodNumber": 1,
            "periodDescription": "1st half",
            "period": "H1",
            "periodType": "RegularPeriod"
          },
          {
            "homeScore": 0,
            "awayScore": 0,
            "periodNumber": 2,
            "periodDescription": "2nd half",
            "period": "H2",
            "periodType": "RegularPeriod"
          }
        ],
        "eventClock": null,
        "matchStatusDescription": "Ended",
        "matchStatus": "ended",
        "shortCode": 9475,
        "uts": null
      },
      {
        "producer": 6,
        "sportId": "sr:sport:1",
        "matchId": "vf:match:1382248853",
        "matchName": "Liverpool vs. Tottenham",
        "scheduleTime": 1748656492000,
        "homeTeamName": "Liverpool",
        "awayTeamName": "Tottenham",
        "homeTeamNameAlias": null,
        "awayTeamNameAlias": null,
        "homeAvatar": null,
        "awayAvatar": null,
        "homeScore": 3,
        "awayScore": 1,
        "tournamentId": "vf:tournament:31867",
        "tournamentName": "Virtual Football English League",
        "sportCategoryId": "sr:category:1111",
        "sportCategoryName": "Virtual Football",
        "periodScores": "[{\"awayScore\":0,\"homeScore\":3,\"period\":\"H1\",\"periodDescription\":\"1st half\",\"periodNumber\":1,\"periodType\":\"RegularPeriod\"},{\"awayScore\":1,\"homeScore\":0,\"period\":\"H2\",\"periodDescription\":\"2nd half\",\"periodNumber\":2,\"periodType\":\"RegularPeriod\"}]",
        "periodScoreList": [
          {
            "homeScore": 3,
            "awayScore": 0,
            "periodNumber": 1,
            "periodDescription": "1st half",
            "period": "H1",
            "periodType": "RegularPeriod"
          },
          {
            "homeScore": 0,
            "awayScore": 1,
            "periodNumber": 2,
            "periodDescription": "2nd half",
            "period": "H2",
            "periodType": "RegularPeriod"
          }
        ],
        "eventClock": null,
        "matchStatusDescription": "Ended",
        "matchStatus": "ended",
        "shortCode": 9566,
        "uts": null
      },
      {
        "producer": 6,
        "sportId": "sr:sport:1",
        "matchId": "vf:match:1382248854",
        "matchName": "West Ham vs. Watford",
        "scheduleTime": 1748656492000,
        "homeTeamName": "West Ham",
        "awayTeamName": "Watford",
        "homeTeamNameAlias": null,
        "awayTeamNameAlias": null,
        "homeAvatar": null,
        "awayAvatar": null,
        "homeScore": 1,
        "awayScore": 1,
        "tournamentId": "vf:tournament:31867",
        "tournamentName": "Virtual Football English League",
        "sportCategoryId": "sr:category:1111",
        "sportCategoryName": "Virtual Football",
        "periodScores": "[{\"awayScore\":1,\"homeScore\":0,\"period\":\"H1\",\"periodDescription\":\"1st half\",\"periodNumber\":1,\"periodType\":\"RegularPeriod\"},{\"awayScore\":0,\"homeScore\":1,\"period\":\"H2\",\"periodDescription\":\"2nd half\",\"periodNumber\":2,\"periodType\":\"RegularPeriod\"}]",
        "periodScoreList": [
          {
            "homeScore": 0,
            "awayScore": 1,
            "periodNumber": 1,
            "periodDescription": "1st half",
            "period": "H1",
            "periodType": "RegularPeriod"
          },
          {
            "homeScore": 1,
            "awayScore": 0,
            "periodNumber": 2,
            "periodDescription": "2nd half",
            "period": "H2",
            "periodType": "RegularPeriod"
          }
        ],
        "eventClock": null,
        "matchStatusDescription": "Ended",
        "matchStatus": "ended",
        "shortCode": 4914,
        "uts": null
      }
    ]
  },
  {
    "number": 2,
    "scheduleDate": 1748656712000,
    "matches": [
      {
        "producer": 6,
        "sportId": "sr:sport:1",
        "matchId": "vf:match:1382248855",
        "matchName": "Wolverhampton vs. Liverpool",
        "scheduleTime": 1748656712000,
        "homeTeamName": "Wolverhampton",
        "awayTeamName": "Liverpool",
        "homeTeamNameAlias": null,
        "awayTeamNameAlias": null,
        "homeAvatar": null,
        "awayAvatar": null,
        "homeScore": 0,
        "awayScore": 1,
        "tournamentId": "vf:tournament:31867",
        "tournamentName": "Virtual Football English League",
        "sportCategoryId": "sr:category:1111",
        "sportCategoryName": "Virtual Football",
        "periodScores": "[{\"awayScore\":1,\"homeScore\":0,\"period\":\"H1\",\"periodDescription\":\"1st half\",\"periodNumber\":1,\"periodType\":\"RegularPeriod\"},{\"awayScore\":0,\"homeScore\":0,\"period\":\"H2\",\"periodDescription\":\"2nd half\",\"periodNumber\":2,\"periodType\":\"RegularPeriod\"}]",
        "periodScoreList": [
          {
            "homeScore": 0,
            "awayScore": 1,
            "periodNumber": 1,
            "periodDescription": "1st half",
            "period": "H1",
            "periodType": "RegularPeriod"
          },
          {
            "homeScore": 0,
            "awayScore": 0,
            "periodNumber": 2,
            "periodDescription": "2nd half",
            "period": "H2",
            "periodType": "RegularPeriod"
          }
        ],
        "eventClock": null,
        "matchStatusDescription": "Ended",
        "matchStatus": "ended",
        "shortCode": 7006,
        "uts": null
      },
      {
        "producer": 6,
        "sportId": "sr:sport:1",
        "matchId": "vf:match:1382248856",
        "matchName": "Southampton vs. London Guns",
        "scheduleTime": 1748656712000,
        "homeTeamName": "Southampton",
        "awayTeamName": "London Guns",
        "homeTeamNameAlias": null,
        "awayTeamNameAlias": null,
        "homeAvatar": null,
        "awayAvatar": null,
        "homeScore": 0,
        "awayScore": 0,
        "tournamentId": "vf:tournament:31867",
        "tournamentName": "Virtual Football English League",
        "sportCategoryId": "sr:category:1111",
        "sportCategoryName": "Virtual Football",
        "periodScores": "[{\"awayScore\":0,\"homeScore\":0,\"period\":\"H1\",\"periodDescription\":\"1st half\",\"periodNumber\":1,\"periodType\":\"RegularPeriod\"},{\"awayScore\":0,\"homeScore\":0,\"period\":\"H2\",\"periodDescription\":\"2nd half\",\"periodNumber\":2,\"periodType\":\"RegularPeriod\"}]",
        "periodScoreList": [
          {
            "homeScore": 0,
            "awayScore": 0,
            "periodNumber": 1,
            "periodDescription": "1st half",
            "period": "H1",
            "periodType": "RegularPeriod"
          },
          {
            "homeScore": 0,
            "awayScore": 0,
            "periodNumber": 2,
            "periodDescription": "2nd half",
            "period": "H2",
            "periodType": "RegularPeriod"
          }
        ],
        "eventClock": null,
        "matchStatusDescription": "Ended",
        "matchStatus": "ended",
        "shortCode": 9561,
        "uts": null
      },
      {
        "producer": 6,
        "sportId": "sr:sport:1",
        "matchId": "vf:match:1382248857",
        "matchName": "Newcastle vs. Chelsea",
        "scheduleTime": 1748656712000,
        "homeTeamName": "Newcastle",
        "awayTeamName": "Chelsea",
        "homeTeamNameAlias": null,
        "awayTeamNameAlias": null,
        "homeAvatar": null,
        "awayAvatar": null,
        "homeScore": 0,
        "awayScore": 3,
        "tournamentId": "vf:tournament:31867",
        "tournamentName": "Virtual Football English League",
        "sportCategoryId": "sr:category:1111",
        "sportCategoryName": "Virtual Football",
        "periodScores": "[{\"awayScore\":1,\"homeScore\":0,\"period\":\"H1\",\"periodDescription\":\"1st half\",\"periodNumber\":1,\"periodType\":\"RegularPeriod\"},{\"awayScore\":2,\"homeScore\":0,\"period\":\"H2\",\"periodDescription\":\"2nd half\",\"periodNumber\":2,\"periodType\":\"RegularPeriod\"}]",
        "periodScoreList": [
          {
            "homeScore": 0,
            "awayScore": 1,
            "periodNumber": 1,
            "periodDescription": "1st half",
            "period": "H1",
            "periodType": "RegularPeriod"
          },
          {
            "homeScore": 0,
            "awayScore": 2,
            "periodNumber": 2,
            "periodDescription": "2nd half",
            "period": "H2",
            "periodType": "RegularPeriod"
          }
        ],
        "eventClock": null,
        "matchStatusDescription": "Ended",
        "matchStatus": "ended",
        "shortCode": 4645,
        "uts": null
      },
      {
        "producer": 6,
        "sportId": "sr:sport:1",
        "matchId": "vf:match:1382248858",
        "matchName": "Manchester Reds vs. West Ham",
        "scheduleTime": 1748656712000,
        "homeTeamName": "Manchester Reds",
        "awayTeamName": "West Ham",
        "homeTeamNameAlias": null,
        "awayTeamNameAlias": null,
        "homeAvatar": null,
        "awayAvatar": null,
        "homeScore": 2,
        "awayScore": 0,
        "tournamentId": "vf:tournament:31867",
        "tournamentName": "Virtual Football English League",
        "sportCategoryId": "sr:category:1111",
        "sportCategoryName": "Virtual Football",
        "periodScores": "[{\"awayScore\":0,\"homeScore\":2,\"period\":\"H1\",\"periodDescription\":\"1st half\",\"periodNumber\":1,\"periodType\":\"RegularPeriod\"},{\"awayScore\":0,\"homeScore\":0,\"period\":\"H2\",\"periodDescription\":\"2nd half\",\"periodNumber\":2,\"periodType\":\"RegularPeriod\"}]",
        "periodScoreList": [
          {
            "homeScore": 2,
            "awayScore": 0,
            "periodNumber": 1,
            "periodDescription": "1st half",
            "period": "H1",
            "periodType": "RegularPeriod"
          },
          {
            "homeScore": 0,
            "awayScore": 0,
            "periodNumber": 2,
            "periodDescription": "2nd half",
            "period": "H2",
            "periodType": "RegularPeriod"
          }
        ],
        "eventClock": null,
        "matchStatusDescription": "Ended",
        "matchStatus": "ended",
        "shortCode": 1995,
        "uts": null
      },
      {
        "producer": 6,
        "sportId": "sr:sport:1",
        "matchId": "vf:match:1382248859",
        "matchName": "Tottenham vs. Crystal Palace",
        "scheduleTime": 1748656712000,
        "homeTeamName": "Tottenham",
        "awayTeamName": "Crystal Palace",
        "homeTeamNameAlias": null,
        "awayTeamNameAlias": null,
        "homeAvatar": null,
        "awayAvatar": null,
        "homeScore": 5,
        "awayScore": 1,
        "tournamentId": "vf:tournament:31867",
        "tournamentName": "Virtual Football English League",
        "sportCategoryId": "sr:category:1111",
        "sportCategoryName": "Virtual Football",
        "periodScores": "[{\"awayScore\":1,\"homeScore\":2,\"period\":\"H1\",\"periodDescription\":\"1st half\",\"periodNumber\":1,\"periodType\":\"RegularPeriod\"},{\"awayScore\":0,\"homeScore\":3,\"period\":\"H2\",\"periodDescription\":\"2nd half\",\"periodNumber\":2,\"periodType\":\"RegularPeriod\"}]",
        "periodScoreList": [
          {
            "homeScore": 2,
            "awayScore": 1,
            "periodNumber": 1,
            "periodDescription": "1st half",
            "period": "H1",
            "periodType": "RegularPeriod"
          },
          {
            "homeScore": 3,
            "awayScore": 0,
            "periodNumber": 2,
            "periodDescription": "2nd half",
            "period": "H2",
            "periodType": "RegularPeriod"
          }
        ],
        "eventClock": null,
        "matchStatusDescription": "Ended",
        "matchStatus": "ended",
        "shortCode": 3167,
        "uts": null
      },
      {
        "producer": 6,
        "sportId": "sr:sport:1",
        "matchId": "vf:match:1382248860",
        "matchName": "Manchester Blue vs. Bournemouth",
        "scheduleTime": 1748656712000,
        "homeTeamName": "Manchester Blue",
        "awayTeamName": "Bournemouth",
        "homeTeamNameAlias": null,
        "awayTeamNameAlias": null,
        "homeAvatar": null,
        "awayAvatar": null,
        "homeScore": 1,
        "awayScore": 1,
        "tournamentId": "vf:tournament:31867",
        "tournamentName": "Virtual Football English League",
        "sportCategoryId": "sr:category:1111",
        "sportCategoryName": "Virtual Football",
        "periodScores": "[{\"awayScore\":1,\"homeScore\":0,\"period\":\"H1\",\"periodDescription\":\"1st half\",\"periodNumber\":1,\"periodType\":\"RegularPeriod\"},{\"awayScore\":0,\"homeScore\":1,\"period\":\"H2\",\"periodDescription\":\"2nd half\",\"periodNumber\":2,\"periodType\":\"RegularPeriod\"}]",
        "periodScoreList": [
          {
            "homeScore": 0,
            "awayScore": 1,
            "periodNumber": 1,
            "periodDescription": "1st half",
            "period": "H1",
            "periodType": "RegularPeriod"
          },
          {
            "homeScore": 1,
            "awayScore": 0,
            "periodNumber": 2,
            "periodDescription": "2nd half",
            "period": "H2",
            "periodType": "RegularPeriod"
          }
        ],
        "eventClock": null,
        "matchStatusDescription": "Ended",
        "matchStatus": "ended",
        "shortCode": 2984,
        "uts": null
      },
      {
        "producer": 6,
        "sportId": "sr:sport:1",
        "matchId": "vf:match:1382248861",
        "matchName": "Watford vs. Everton",
        "scheduleTime": 1748656712000,
        "homeTeamName": "Watford",
        "awayTeamName": "Everton",
        "homeTeamNameAlias": null,
        "awayTeamNameAlias": null,
        "homeAvatar": null,
        "awayAvatar": null,
        "homeScore": 0,
        "awayScore": 0,
        "tournamentId": "vf:tournament:31867",
        "tournamentName": "Virtual Football English League",
        "sportCategoryId": "sr:category:1111",
        "sportCategoryName": "Virtual Football",
        "periodScores": "[{\"awayScore\":0,\"homeScore\":0,\"period\":\"H1\",\"periodDescription\":\"1st half\",\"periodNumber\":1,\"periodType\":\"RegularPeriod\"},{\"awayScore\":0,\"homeScore\":0,\"period\":\"H2\",\"periodDescription\":\"2nd half\",\"periodNumber\":2,\"periodType\":\"RegularPeriod\"}]",
        "periodScoreList": [
          {
            "homeScore": 0,
            "awayScore": 0,
            "periodNumber": 1,
            "periodDescription": "1st half",
            "period": "H1",
            "periodType": "RegularPeriod"
          },
          {
            "homeScore": 0,
            "awayScore": 0,
            "periodNumber": 2,
            "periodDescription": "2nd half",
            "period": "H2",
            "periodType": "RegularPeriod"
          }
        ],
        "eventClock": null,
        "matchStatusDescription": "Ended",
        "matchStatus": "ended",
        "shortCode": 3665,
        "uts": null
      },
      {
        "producer": 6,
        "sportId": "sr:sport:1",
        "matchId": "vf:match:1382248862",
        "matchName": "Burnley vs. Leicester",
        "scheduleTime": 1748656712000,
        "homeTeamName": "Burnley",
        "awayTeamName": "Leicester",
        "homeTeamNameAlias": null,
        "awayTeamNameAlias": null,
        "homeAvatar": null,
        "awayAvatar": null,
        "homeScore": 1,
        "awayScore": 1,
        "tournamentId": "vf:tournament:31867",
        "tournamentName": "Virtual Football English League",
        "sportCategoryId": "sr:category:1111",
        "sportCategoryName": "Virtual Football",
        "periodScores": "[{\"awayScore\":0,\"homeScore\":0,\"period\":\"H1\",\"periodDescription\":\"1st half\",\"periodNumber\":1,\"periodType\":\"RegularPeriod\"},{\"awayScore\":1,\"homeScore\":1,\"period\":\"H2\",\"periodDescription\":\"2nd half\",\"periodNumber\":2,\"periodType\":\"RegularPeriod\"}]",
        "periodScoreList": [
          {
            "homeScore": 0,
            "awayScore": 0,
            "periodNumber": 1,
            "periodDescription": "1st half",
            "period": "H1",
            "periodType": "RegularPeriod"
          },
          {
            "homeScore": 1,
            "awayScore": 1,
            "periodNumber": 2,
            "periodDescription": "2nd half",
            "period": "H2",
            "periodType": "RegularPeriod"
          }
        ],
        "eventClock": null,
        "matchStatusDescription": "Ended",
        "matchStatus": "ended",
        "shortCode": 2567,
        "uts": null
      }
    ]
  },
  {
    "number": 3,
    "scheduleDate": 1748656932000,
    "matches": [
      {
        "producer": 6,
        "sportId": "sr:sport:1",
        "matchId": "vf:match:1382248863",
        "matchName": "Chelsea vs. Watford",
        "scheduleTime": 1748656932000,
        "homeTeamName": "Chelsea",
        "awayTeamName": "Watford",
        "homeTeamNameAlias": null,
        "awayTeamNameAlias": null,
        "homeAvatar": null,
        "awayAvatar": null,
        "homeScore": 1,
        "awayScore": 0,
        "tournamentId": "vf:tournament:31867",
        "tournamentName": "Virtual Football English League",
        "sportCategoryId": "sr:category:1111",
        "sportCategoryName": "Virtual Football",
        "periodScores": "[{\"awayScore\":0,\"homeScore\":1,\"period\":\"H1\",\"periodDescription\":\"1st half\",\"periodNumber\":1,\"periodType\":\"RegularPeriod\"},{\"awayScore\":0,\"homeScore\":0,\"period\":\"H2\",\"periodDescription\":\"2nd half\",\"periodNumber\":2,\"periodType\":\"RegularPeriod\"}]",
        "periodScoreList": [
          {
            "homeScore": 1,
            "awayScore": 0,
            "periodNumber": 1,
            "periodDescription": "1st half",
            "period": "H1",
            "periodType": "RegularPeriod"
          },
          {
            "homeScore": 0,
            "awayScore": 0,
            "periodNumber": 2,
            "periodDescription": "2nd half",
            "period": "H2",
            "periodType": "RegularPeriod"
          }
        ],
        "eventClock": null,
        "matchStatusDescription": "Ended",
        "matchStatus": "ended",
        "shortCode": 8922,
        "uts": null
      },
      {
        "producer": 6,
        "sportId": "sr:sport:1",
        "matchId": "vf:match:1382248864",
        "matchName": "Tottenham vs. Southampton",
        "scheduleTime": 1748656932000,
        "homeTeamName": "Tottenham",
        "awayTeamName": "Southampton",
        "homeTeamNameAlias": null,
        "awayTeamNameAlias": null,
        "homeAvatar": null,
        "awayAvatar": null,
        "homeScore": 1,
        "awayScore": 0,
        "tournamentId": "vf:tournament:31867",
        "tournamentName": "Virtual Football English League",
        "sportCategoryId": "sr:category:1111",
        "sportCategoryName": "Virtual Football",
        "periodScores": "[{\"awayScore\":0,\"homeScore\":0,\"period\":\"H1\",\"periodDescription\":\"1st half\",\"periodNumber\":1,\"periodType\":\"RegularPeriod\"},{\"awayScore\":0,\"homeScore\":1,\"period\":\"H2\",\"periodDescription\":\"2nd half\",\"periodNumber\":2,\"periodType\":\"RegularPeriod\"}]",
        "periodScoreList": [
          {
            "homeScore": 0,
            "awayScore": 0,
            "periodNumber": 1,
            "periodDescription": "1st half",
            "period": "H1",
            "periodType": "RegularPeriod"
          },
          {
            "homeScore": 1,
            "awayScore": 0,
            "periodNumber": 2,
            "periodDescription": "2nd half",
            "period": "H2",
            "periodType": "RegularPeriod"
          }
        ],
        "eventClock": null,
        "matchStatusDescription": "Ended",
        "matchStatus": "ended",
        "shortCode": 5255,
        "uts": null
      },
      {
        "producer": 6,
        "sportId": "sr:sport:1",
        "matchId": "vf:match:1382248865",
        "matchName": "Crystal Palace vs. Wolverhampton",
        "scheduleTime": 1748656932000,
        "homeTeamName": "Crystal Palace",
        "awayTeamName": "Wolverhampton",
        "homeTeamNameAlias": null,
        "awayTeamNameAlias": null,
        "homeAvatar": null,
        "awayAvatar": null,
        "homeScore": 1,
        "awayScore": 3,
        "tournamentId": "vf:tournament:31867",
        "tournamentName": "Virtual Football English League",
        "sportCategoryId": "sr:category:1111",
        "sportCategoryName": "Virtual Football",
        "periodScores": "[{\"awayScore\":2,\"homeScore\":0,\"period\":\"H1\",\"periodDescription\":\"1st half\",\"periodNumber\":1,\"periodType\":\"RegularPeriod\"},{\"awayScore\":1,\"homeScore\":1,\"period\":\"H2\",\"periodDescription\":\"2nd half\",\"periodNumber\":2,\"periodType\":\"RegularPeriod\"}]",
        "periodScoreList": [
          {
            "homeScore": 0,
            "awayScore": 2,
            "periodNumber": 1,
            "periodDescription": "1st half",
            "period": "H1",
            "periodType": "RegularPeriod"
          },
          {
            "homeScore": 1,
            "awayScore": 1,
            "periodNumber": 2,
            "periodDescription": "2nd half",
            "period": "H2",
            "periodType": "RegularPeriod"
          }
        ],
        "eventClock": null,
        "matchStatusDescription": "Ended",
        "matchStatus": "ended",
        "shortCode": 8037,
        "uts": null
      },
      {
        "producer": 6,
        "sportId": "sr:sport:1",
        "matchId": "vf:match:1382248866",
        "matchName": "Bournemouth vs. London Guns",
        "scheduleTime": 1748656932000,
        "homeTeamName": "Bournemouth",
        "awayTeamName": "London Guns",
        "homeTeamNameAlias": null,
        "awayTeamNameAlias": null,
        "homeAvatar": null,
        "awayAvatar": null,
        "homeScore": 1,
        "awayScore": 1,
        "tournamentId": "vf:tournament:31867",
        "tournamentName": "Virtual Football English League",
        "sportCategoryId": "sr:category:1111",
        "sportCategoryName": "Virtual Football",
        "periodScores": "[{\"awayScore\":0,\"homeScore\":1,\"period\":\"H1\",\"periodDescription\":\"1st half\",\"periodNumber\":1,\"periodType\":\"RegularPeriod\"},{\"awayScore\":1,\"homeScore\":0,\"period\":\"H2\",\"periodDescription\":\"2nd half\",\"periodNumber\":2,\"periodType\":\"RegularPeriod\"}]",
        "periodScoreList": [
          {
            "homeScore": 1,
            "awayScore": 0,
            "periodNumber": 1,
            "periodDescription": "1st half",
            "period": "H1",
            "periodType": "RegularPeriod"
          },
          {
            "homeScore": 0,
            "awayScore": 1,
            "periodNumber": 2,
            "periodDescription": "2nd half",
            "period": "H2",
            "periodType": "RegularPeriod"
          }
        ],
        "eventClock": null,
        "matchStatusDescription": "Ended",
        "matchStatus": "ended",
        "shortCode": 8845,
        "uts": null
      },
      {
        "producer": 6,
        "sportId": "sr:sport:1",
        "matchId": "vf:match:1382248867",
        "matchName": "Liverpool vs. Burnley",
        "scheduleTime": 1748656932000,
        "homeTeamName": "Liverpool",
        "awayTeamName": "Burnley",
        "homeTeamNameAlias": null,
        "awayTeamNameAlias": null,
        "homeAvatar": null,
        "awayAvatar": null,
        "homeScore": 1,
        "awayScore": 2,
        "tournamentId": "vf:tournament:31867",
        "tournamentName": "Virtual Football English League",
        "sportCategoryId": "sr:category:1111",
        "sportCategoryName": "Virtual Football",
        "periodScores": "[{\"awayScore\":1,\"homeScore\":0,\"period\":\"H1\",\"periodDescription\":\"1st half\",\"periodNumber\":1,\"periodType\":\"RegularPeriod\"},{\"awayScore\":1,\"homeScore\":1,\"period\":\"H2\",\"periodDescription\":\"2nd half\",\"periodNumber\":2,\"periodType\":\"RegularPeriod\"}]",
        "periodScoreList": [
          {
            "homeScore": 0,
            "awayScore": 1,
            "periodNumber": 1,
            "periodDescription": "1st half",
            "period": "H1",
            "periodType": "RegularPeriod"
          },
          {
            "homeScore": 1,
            "awayScore": 1,
            "periodNumber": 2,
            "periodDescription": "2nd half",
            "period": "H2",
            "periodType": "RegularPeriod"
          }
        ],
        "eventClock": null,
        "matchStatusDescription": "Ended",
        "matchStatus": "ended",
        "shortCode": 9863,
        "uts": null
      },
      {
        "producer": 6,
        "sportId": "sr:sport:1",
        "matchId": "vf:match:1382248868",
        "matchName": "West Ham vs. Manchester Blue",
        "scheduleTime": 1748656932000,
        "homeTeamName": "West Ham",
        "awayTeamName": "Manchester Blue",
        "homeTeamNameAlias": null,
        "awayTeamNameAlias": null,
        "homeAvatar": null,
        "awayAvatar": null,
        "homeScore": 1,
        "awayScore": 2,
        "tournamentId": "vf:tournament:31867",
        "tournamentName": "Virtual Football English League",
        "sportCategoryId": "sr:category:1111",
        "sportCategoryName": "Virtual Football",
        "periodScores": "[{\"awayScore\":2,\"homeScore\":0,\"period\":\"H1\",\"periodDescription\":\"1st half\",\"periodNumber\":1,\"periodType\":\"RegularPeriod\"},{\"awayScore\":0,\"homeScore\":1,\"period\":\"H2\",\"periodDescription\":\"2nd half\",\"periodNumber\":2,\"periodType\":\"RegularPeriod\"}]",
        "periodScoreList": [
          {
            "homeScore": 0,
            "awayScore": 2,
            "periodNumber": 1,
            "periodDescription": "1st half",
            "period": "H1",
            "periodType": "RegularPeriod"
          },
          {
            "homeScore": 1,
            "awayScore": 0,
            "periodNumber": 2,
            "periodDescription": "2nd half",
            "period": "H2",
            "periodType": "RegularPeriod"
          }
        ],
        "eventClock": null,
        "matchStatusDescription": "Ended",
        "matchStatus": "ended",
        "shortCode": 5318,
        "uts": null
      },
      {
        "producer": 6,
        "sportId": "sr:sport:1",
        "matchId": "vf:match:1382248869",
        "matchName": "Leicester vs. Newcastle",
        "scheduleTime": 1748656932000,
        "homeTeamName": "Leicester",
        "awayTeamName": "Newcastle",
        "homeTeamNameAlias": null,
        "awayTeamNameAlias": null,
        "homeAvatar": null,
        "awayAvatar": null,
        "homeScore": 0,
        "awayScore": 1,
        "tournamentId": "vf:tournament:31867",
        "tournamentName": "Virtual Football English League",
        "sportCategoryId": "sr:category:1111",
        "sportCategoryName": "Virtual Football",
        "periodScores": "[{\"awayScore\":0,\"homeScore\":0,\"period\":\"H1\",\"periodDescription\":\"1st half\",\"periodNumber\":1,\"periodType\":\"RegularPeriod\"},{\"awayScore\":1,\"homeScore\":0,\"period\":\"H2\",\"periodDescription\":\"2nd half\",\"periodNumber\":2,\"periodType\":\"RegularPeriod\"}]",
        "periodScoreList": [
          {
            "homeScore": 0,
            "awayScore": 0,
            "periodNumber": 1,
            "periodDescription": "1st half",
            "period": "H1",
            "periodType": "RegularPeriod"
          },
          {
            "homeScore": 0,
            "awayScore": 1,
            "periodNumber": 2,
            "periodDescription": "2nd half",
            "period": "H2",
            "periodType": "RegularPeriod"
          }
        ],
        "eventClock": null,
        "matchStatusDescription": "Ended",
        "matchStatus": "ended",
        "shortCode": 7002,
        "uts": null
      },
      {
        "producer": 6,
        "sportId": "sr:sport:1",
        "matchId": "vf:match:1382248870",
        "matchName": "Everton vs. Manchester Reds",
        "scheduleTime": 1748656932000,
        "homeTeamName": "Everton",
        "awayTeamName": "Manchester Reds",
        "homeTeamNameAlias": null,
        "awayTeamNameAlias": null,
        "homeAvatar": null,
        "awayAvatar": null,
        "homeScore": 1,
        "awayScore": 4,
        "tournamentId": "vf:tournament:31867",
        "tournamentName": "Virtual Football English League",
        "sportCategoryId": "sr:category:1111",
        "sportCategoryName": "Virtual Football",
        "periodScores": "[{\"awayScore\":1,\"homeScore\":0,\"period\":\"H1\",\"periodDescription\":\"1st half\",\"periodNumber\":1,\"periodType\":\"RegularPeriod\"},{\"awayScore\":3,\"homeScore\":1,\"period\":\"H2\",\"periodDescription\":\"2nd half\",\"periodNumber\":2,\"periodType\":\"RegularPeriod\"}]",
        "periodScoreList": [
          {
            "homeScore": 0,
            "awayScore": 1,
            "periodNumber": 1,
            "periodDescription": "1st half",
            "period": "H1",
            "periodType": "RegularPeriod"
          },
          {
            "homeScore": 1,
            "awayScore": 3,
            "periodNumber": 2,
            "periodDescription": "2nd half",
            "period": "H2",
            "periodType": "RegularPeriod"
          }
        ],
        "eventClock": null,
        "matchStatusDescription": "Ended",
        "matchStatus": "ended",
        "shortCode": 7573,
        "uts": null
      }
    ]
  },
  {
    "number": 4,
    "scheduleDate": 1748657152000,
    "matches": [
      {
        "producer": 6,
        "sportId": "sr:sport:1",
        "matchId": "vf:match:1382248871",
        "matchName": "Manchester Reds vs. Chelsea",
        "scheduleTime": 1748657152000,
        "homeTeamName": "Manchester Reds",
        "awayTeamName": "Chelsea",
        "homeTeamNameAlias": null,
        "awayTeamNameAlias": null,
        "homeAvatar": null,
        "awayAvatar": null,
        "homeScore": 2,
        "awayScore": 1,
        "tournamentId": "vf:tournament:31867",
        "tournamentName": "Virtual Football English League",
        "sportCategoryId": "sr:category:1111",
        "sportCategoryName": "Virtual Football",
        "periodScores": "[{\"awayScore\":0,\"homeScore\":1,\"period\":\"H1\",\"periodDescription\":\"1st half\",\"periodNumber\":1,\"periodType\":\"RegularPeriod\"},{\"awayScore\":1,\"homeScore\":1,\"period\":\"H2\",\"periodDescription\":\"2nd half\",\"periodNumber\":2,\"periodType\":\"RegularPeriod\"}]",
        "periodScoreList": [
          {
            "homeScore": 1,
            "awayScore": 0,
            "periodNumber": 1,
            "periodDescription": "1st half",
            "period": "H1",
            "periodType": "RegularPeriod"
          },
          {
            "homeScore": 1,
            "awayScore": 1,
            "periodNumber": 2,
            "periodDescription": "2nd half",
            "period": "H2",
            "periodType": "RegularPeriod"
          }
        ],
        "eventClock": null,
        "matchStatusDescription": "Ended",
        "matchStatus": "ended",
        "shortCode": 7282,
        "uts": null
      },
      {
        "producer": 6,
        "sportId": "sr:sport:1",
        "matchId": "vf:match:1382248872",
        "matchName": "London Guns vs. West Ham",
        "scheduleTime": 1748657152000,
        "homeTeamName": "London Guns",
        "awayTeamName": "West Ham",
        "homeTeamNameAlias": null,
        "awayTeamNameAlias": null,
        "homeAvatar": null,
        "awayAvatar": null,
        "homeScore": 1,
        "awayScore": 1,
        "tournamentId": "vf:tournament:31867",
        "tournamentName": "Virtual Football English League",
        "sportCategoryId": "sr:category:1111",
        "sportCategoryName": "Virtual Football",
        "periodScores": "[{\"awayScore\":1,\"homeScore\":0,\"period\":\"H1\",\"periodDescription\":\"1st half\",\"periodNumber\":1,\"periodType\":\"RegularPeriod\"},{\"awayScore\":0,\"homeScore\":1,\"period\":\"H2\",\"periodDescription\":\"2nd half\",\"periodNumber\":2,\"periodType\":\"RegularPeriod\"}]",
        "periodScoreList": [
          {
            "homeScore": 0,
            "awayScore": 1,
            "periodNumber": 1,
            "periodDescription": "1st half",
            "period": "H1",
            "periodType": "RegularPeriod"
          },
          {
            "homeScore": 1,
            "awayScore": 0,
            "periodNumber": 2,
            "periodDescription": "2nd half",
            "period": "H2",
            "periodType": "RegularPeriod"
          }
        ],
        "eventClock": null,
        "matchStatusDescription": "Ended",
        "matchStatus": "ended",
        "shortCode": 9688,
        "uts": null
      },
      {
        "producer": 6,
        "sportId": "sr:sport:1",
        "matchId": "vf:match:1382248873",
        "matchName": "Manchester Blue vs. Everton",
        "scheduleTime": 1748657152000,
        "homeTeamName": "Manchester Blue",
        "awayTeamName": "Everton",
        "homeTeamNameAlias": null,
        "awayTeamNameAlias": null,
        "homeAvatar": null,
        "awayAvatar": null,
        "homeScore": 4,
        "awayScore": 2,
        "tournamentId": "vf:tournament:31867",
        "tournamentName": "Virtual Football English League",
        "sportCategoryId": "sr:category:1111",
        "sportCategoryName": "Virtual Football",
        "periodScores": "[{\"awayScore\":1,\"homeScore\":1,\"period\":\"H1\",\"periodDescription\":\"1st half\",\"periodNumber\":1,\"periodType\":\"RegularPeriod\"},{\"awayScore\":1,\"homeScore\":3,\"period\":\"H2\",\"periodDescription\":\"2nd half\",\"periodNumber\":2,\"periodType\":\"RegularPeriod\"}]",
        "periodScoreList": [
          {
            "homeScore": 1,
            "awayScore": 1,
            "periodNumber": 1,
            "periodDescription": "1st half",
            "period": "H1",
            "periodType": "RegularPeriod"
          },
          {
            "homeScore": 3,
            "awayScore": 1,
            "periodNumber": 2,
            "periodDescription": "2nd half",
            "period": "H2",
            "periodType": "RegularPeriod"
          }
        ],
        "eventClock": null,
        "matchStatusDescription": "Ended",
        "matchStatus": "ended",
        "shortCode": 7194,
        "uts": null
      },
      {
        "producer": 6,
        "sportId": "sr:sport:1",
        "matchId": "vf:match:1382248874",
        "matchName": "Wolverhampton vs. Tottenham",
        "scheduleTime": 1748657152000,
        "homeTeamName": "Wolverhampton",
        "awayTeamName": "Tottenham",
        "homeTeamNameAlias": null,
        "awayTeamNameAlias": null,
        "homeAvatar": null,
        "awayAvatar": null,
        "homeScore": 0,
        "awayScore": 1,
        "tournamentId": "vf:tournament:31867",
        "tournamentName": "Virtual Football English League",
        "sportCategoryId": "sr:category:1111",
        "sportCategoryName": "Virtual Football",
        "periodScores": "[{\"awayScore\":1,\"homeScore\":0,\"period\":\"H1\",\"periodDescription\":\"1st half\",\"periodNumber\":1,\"periodType\":\"RegularPeriod\"},{\"awayScore\":0,\"homeScore\":0,\"period\":\"H2\",\"periodDescription\":\"2nd half\",\"periodNumber\":2,\"periodType\":\"RegularPeriod\"}]",
        "periodScoreList": [
          {
            "homeScore": 0,
            "awayScore": 1,
            "periodNumber": 1,
            "periodDescription": "1st half",
            "period": "H1",
            "periodType": "RegularPeriod"
          },
          {
            "homeScore": 0,
            "awayScore": 0,
            "periodNumber": 2,
            "periodDescription": "2nd half",
            "period": "H2",
            "periodType": "RegularPeriod"
          }
        ],
        "eventClock": null,
        "matchStatusDescription": "Ended",
        "matchStatus": "ended",
        "shortCode": 7316,
        "uts": null
      },
      {
        "producer": 6,
        "sportId": "sr:sport:1",
        "matchId": "vf:match:1382248875",
        "matchName": "Watford vs. Leicester",
        "scheduleTime": 1748657152000,
        "homeTeamName": "Watford",
        "awayTeamName": "Leicester",
        "homeTeamNameAlias": null,
        "awayTeamNameAlias": null,
        "homeAvatar": null,
        "awayAvatar": null,
        "homeScore": 3,
        "awayScore": 1,
        "tournamentId": "vf:tournament:31867",
        "tournamentName": "Virtual Football English League",
        "sportCategoryId": "sr:category:1111",
        "sportCategoryName": "Virtual Football",
        "periodScores": "[{\"awayScore\":0,\"homeScore\":2,\"period\":\"H1\",\"periodDescription\":\"1st half\",\"periodNumber\":1,\"periodType\":\"RegularPeriod\"},{\"awayScore\":1,\"homeScore\":1,\"period\":\"H2\",\"periodDescription\":\"2nd half\",\"periodNumber\":2,\"periodType\":\"RegularPeriod\"}]",
        "periodScoreList": [
          {
            "homeScore": 2,
            "awayScore": 0,
            "periodNumber": 1,
            "periodDescription": "1st half",
            "period": "H1",
            "periodType": "RegularPeriod"
          },
          {
            "homeScore": 1,
            "awayScore": 1,
            "periodNumber": 2,
            "periodDescription": "2nd half",
            "period": "H2",
            "periodType": "RegularPeriod"
          }
        ],
        "eventClock": null,
        "matchStatusDescription": "Ended",
        "matchStatus": "ended",
        "shortCode": 5369,
        "uts": null
      },
      {
        "producer": 6,
        "sportId": "sr:sport:1",
        "matchId": "vf:match:1382248876",
        "matchName": "Southampton vs. Bournemouth",
        "scheduleTime": 1748657152000,
        "homeTeamName": "Southampton",
        "awayTeamName": "Bournemouth",
        "homeTeamNameAlias": null,
        "awayTeamNameAlias": null,
        "homeAvatar": null,
        "awayAvatar": null,
        "homeScore": 2,
        "awayScore": 0,
        "tournamentId": "vf:tournament:31867",
        "tournamentName": "Virtual Football English League",
        "sportCategoryId": "sr:category:1111",
        "sportCategoryName": "Virtual Football",
        "periodScores": "[{\"awayScore\":0,\"homeScore\":1,\"period\":\"H1\",\"periodDescription\":\"1st half\",\"periodNumber\":1,\"periodType\":\"RegularPeriod\"},{\"awayScore\":0,\"homeScore\":1,\"period\":\"H2\",\"periodDescription\":\"2nd half\",\"periodNumber\":2,\"periodType\":\"RegularPeriod\"}]",
        "periodScoreList": [
          {
            "homeScore": 1,
            "awayScore": 0,
            "periodNumber": 1,
            "periodDescription": "1st half",
            "period": "H1",
            "periodType": "RegularPeriod"
          },
          {
            "homeScore": 1,
            "awayScore": 0,
            "periodNumber": 2,
            "periodDescription": "2nd half",
            "period": "H2",
            "periodType": "RegularPeriod"
          }
        ],
        "eventClock": null,
        "matchStatusDescription": "Ended",
        "matchStatus": "ended",
        "shortCode": 3113,
        "uts": null
      },
      {
        "producer": 6,
        "sportId": "sr:sport:1",
        "matchId": "vf:match:1382248877",
        "matchName": "Burnley vs. Crystal Palace",
        "scheduleTime": 1748657152000,
        "homeTeamName": "Burnley",
        "awayTeamName": "Crystal Palace",
        "homeTeamNameAlias": null,
        "awayTeamNameAlias": null,
        "homeAvatar": null,
        "awayAvatar": null,
        "homeScore": 2,
        "awayScore": 1,
        "tournamentId": "vf:tournament:31867",
        "tournamentName": "Virtual Football English League",
        "sportCategoryId": "sr:category:1111",
        "sportCategoryName": "Virtual Football",
        "periodScores": "[{\"awayScore\":0,\"homeScore\":1,\"period\":\"H1\",\"periodDescription\":\"1st half\",\"periodNumber\":1,\"periodType\":\"RegularPeriod\"},{\"awayScore\":1,\"homeScore\":1,\"period\":\"H2\",\"periodDescription\":\"2nd half\",\"periodNumber\":2,\"periodType\":\"RegularPeriod\"}]",
        "periodScoreList": [
          {
            "homeScore": 1,
            "awayScore": 0,
            "periodNumber": 1,
            "periodDescription": "1st half",
            "period": "H1",
            "periodType": "RegularPeriod"
          },
          {
            "homeScore": 1,
            "awayScore": 1,
            "periodNumber": 2,
            "periodDescription": "2nd half",
            "period": "H2",
            "periodType": "RegularPeriod"
          }
        ],
        "eventClock": null,
        "matchStatusDescription": "Ended",
        "matchStatus": "ended",
        "shortCode": 6410,
        "uts": null
      },
      {
        "producer": 6,
        "sportId": "sr:sport:1",
        "matchId": "vf:match:1382248878",
        "matchName": "Newcastle vs. Liverpool",
        "scheduleTime": 1748657152000,
        "homeTeamName": "Newcastle",
        "awayTeamName": "Liverpool",
        "homeTeamNameAlias": null,
        "awayTeamNameAlias": null,
        "homeAvatar": null,
        "awayAvatar": null,
        "homeScore": 1,
        "awayScore": 2,
        "tournamentId": "vf:tournament:31867",
        "tournamentName": "Virtual Football English League",
        "sportCategoryId": "sr:category:1111",
        "sportCategoryName": "Virtual Football",
        "periodScores": "[{\"awayScore\":0,\"homeScore\":0,\"period\":\"H1\",\"periodDescription\":\"1st half\",\"periodNumber\":1,\"periodType\":\"RegularPeriod\"},{\"awayScore\":2,\"homeScore\":1,\"period\":\"H2\",\"periodDescription\":\"2nd half\",\"periodNumber\":2,\"periodType\":\"RegularPeriod\"}]",
        "periodScoreList": [
          {
            "homeScore": 0,
            "awayScore": 0,
            "periodNumber": 1,
            "periodDescription": "1st half",
            "period": "H1",
            "periodType": "RegularPeriod"
          },
          {
            "homeScore": 1,
            "awayScore": 2,
            "periodNumber": 2,
            "periodDescription": "2nd half",
            "period": "H2",
            "periodType": "RegularPeriod"
          }
        ],
        "eventClock": null,
        "matchStatusDescription": "Ended",
        "matchStatus": "ended",
        "shortCode": 9915,
        "uts": null
      }
    ]
  },
  {
    "number": 5,
    "scheduleDate": 1748657372000,
    "matches": [
      {
        "producer": 6,
        "sportId": "sr:sport:1",
        "matchId": "vf:match:1382248879",
        "matchName": "Tottenham vs. Burnley",
        "scheduleTime": 1748657372000,
        "homeTeamName": "Tottenham",
        "awayTeamName": "Burnley",
        "homeTeamNameAlias": null,
        "awayTeamNameAlias": null,
        "homeAvatar": null,
        "awayAvatar": null,
        "homeScore": 2,
        "awayScore": 1,
        "tournamentId": "vf:tournament:31867",
        "tournamentName": "Virtual Football English League",
        "sportCategoryId": "sr:category:1111",
        "sportCategoryName": "Virtual Football",
        "periodScores": "[{\"awayScore\":1,\"homeScore\":0,\"period\":\"H1\",\"periodDescription\":\"1st half\",\"periodNumber\":1,\"periodType\":\"RegularPeriod\"},{\"awayScore\":0,\"homeScore\":2,\"period\":\"H2\",\"periodDescription\":\"2nd half\",\"periodNumber\":2,\"periodType\":\"RegularPeriod\"}]",
        "periodScoreList": [
          {
            "homeScore": 0,
            "awayScore": 1,
            "periodNumber": 1,
            "periodDescription": "1st half",
            "period": "H1",
            "periodType": "RegularPeriod"
          },
          {
            "homeScore": 2,
            "awayScore": 0,
            "periodNumber": 2,
            "periodDescription": "2nd half",
            "period": "H2",
            "periodType": "RegularPeriod"
          }
        ],
        "eventClock": null,
        "matchStatusDescription": "Ended",
        "matchStatus": "ended",
        "shortCode": 1071,
        "uts": null
      },
      {
        "producer": 6,
        "sportId": "sr:sport:1",
        "matchId": "vf:match:1382248880",
        "matchName": "Crystal Palace vs. Newcastle",
        "scheduleTime": 1748657372000,
        "homeTeamName": "Crystal Palace",
        "awayTeamName": "Newcastle",
        "homeTeamNameAlias": null,
        "awayTeamNameAlias": null,
        "homeAvatar": null,
        "awayAvatar": null,
        "homeScore": 2,
        "awayScore": 1,
        "tournamentId": "vf:tournament:31867",
        "tournamentName": "Virtual Football English League",
        "sportCategoryId": "sr:category:1111",
        "sportCategoryName": "Virtual Football",
        "periodScores": "[{\"awayScore\":1,\"homeScore\":1,\"period\":\"H1\",\"periodDescription\":\"1st half\",\"periodNumber\":1,\"periodType\":\"RegularPeriod\"},{\"awayScore\":0,\"homeScore\":1,\"period\":\"H2\",\"periodDescription\":\"2nd half\",\"periodNumber\":2,\"periodType\":\"RegularPeriod\"}]",
        "periodScoreList": [
          {
            "homeScore": 1,
            "awayScore": 1,
            "periodNumber": 1,
            "periodDescription": "1st half",
            "period": "H1",
            "periodType": "RegularPeriod"
          },
          {
            "homeScore": 1,
            "awayScore": 0,
            "periodNumber": 2,
            "periodDescription": "2nd half",
            "period": "H2",
            "periodType": "RegularPeriod"
          }
        ],
        "eventClock": null,
        "matchStatusDescription": "Ended",
        "matchStatus": "ended",
        "shortCode": 6254,
        "uts": null
      },
      {
        "producer": 6,
        "sportId": "sr:sport:1",
        "matchId": "vf:match:1382248881",
        "matchName": "Wolverhampton vs. Southampton",
        "scheduleTime": 1748657372000,
        "homeTeamName": "Wolverhampton",
        "awayTeamName": "Southampton",
        "homeTeamNameAlias": null,
        "awayTeamNameAlias": null,
        "homeAvatar": null,
        "awayAvatar": null,
        "homeScore": 0,
        "awayScore": 2,
        "tournamentId": "vf:tournament:31867",
        "tournamentName": "Virtual Football English League",
        "sportCategoryId": "sr:category:1111",
        "sportCategoryName": "Virtual Football",
        "periodScores": "[{\"awayScore\":1,\"homeScore\":0,\"period\":\"H1\",\"periodDescription\":\"1st half\",\"periodNumber\":1,\"periodType\":\"RegularPeriod\"},{\"awayScore\":1,\"homeScore\":0,\"period\":\"H2\",\"periodDescription\":\"2nd half\",\"periodNumber\":2,\"periodType\":\"RegularPeriod\"}]",
        "periodScoreList": [
          {
            "homeScore": 0,
            "awayScore": 1,
            "periodNumber": 1,
            "periodDescription": "1st half",
            "period": "H1",
            "periodType": "RegularPeriod"
          },
          {
            "homeScore": 0,
            "awayScore": 1,
            "periodNumber": 2,
            "periodDescription": "2nd half",
            "period": "H2",
            "periodType": "RegularPeriod"
          }
        ],
        "eventClock": null,
        "matchStatusDescription": "Ended",
        "matchStatus": "ended",
        "shortCode": 3205,
        "uts": null
      },
      {
        "producer": 6,
        "sportId": "sr:sport:1",
        "matchId": "vf:match:1382248882",
        "matchName": "Liverpool vs. Watford",
        "scheduleTime": 1748657372000,
        "homeTeamName": "Liverpool",
        "awayTeamName": "Watford",
        "homeTeamNameAlias": null,
        "awayTeamNameAlias": null,
        "homeAvatar": null,
        "awayAvatar": null,
        "homeScore": 2,
        "awayScore": 1,
        "tournamentId": "vf:tournament:31867",
        "tournamentName": "Virtual Football English League",
        "sportCategoryId": "sr:category:1111",
        "sportCategoryName": "Virtual Football",
        "periodScores": "[{\"awayScore\":1,\"homeScore\":0,\"period\":\"H1\",\"periodDescription\":\"1st half\",\"periodNumber\":1,\"periodType\":\"RegularPeriod\"},{\"awayScore\":0,\"homeScore\":2,\"period\":\"H2\",\"periodDescription\":\"2nd half\",\"periodNumber\":2,\"periodType\":\"RegularPeriod\"}]",
        "periodScoreList": [
          {
            "homeScore": 0,
            "awayScore": 1,
            "periodNumber": 1,
            "periodDescription": "1st half",
            "period": "H1",
            "periodType": "RegularPeriod"
          },
          {
            "homeScore": 2,
            "awayScore": 0,
            "periodNumber": 2,
            "periodDescription": "2nd half",
            "period": "H2",
            "periodType": "RegularPeriod"
          }
        ],
        "eventClock": null,
        "matchStatusDescription": "Ended",
        "matchStatus": "ended",
        "shortCode": 3212,
        "uts": null
      },
      {
        "producer": 6,
        "sportId": "sr:sport:1",
        "matchId": "vf:match:1382248883",
        "matchName": "Everton vs. London Guns",
        "scheduleTime": 1748657372000,
        "homeTeamName": "Everton",
        "awayTeamName": "London Guns",
        "homeTeamNameAlias": null,
        "awayTeamNameAlias": null,
        "homeAvatar": null,
        "awayAvatar": null,
        "homeScore": 1,
        "awayScore": 1,
        "tournamentId": "vf:tournament:31867",
        "tournamentName": "Virtual Football English League",
        "sportCategoryId": "sr:category:1111",
        "sportCategoryName": "Virtual Football",
        "periodScores": "[{\"awayScore\":1,\"homeScore\":1,\"period\":\"H1\",\"periodDescription\":\"1st half\",\"periodNumber\":1,\"periodType\":\"RegularPeriod\"},{\"awayScore\":0,\"homeScore\":0,\"period\":\"H2\",\"periodDescription\":\"2nd half\",\"periodNumber\":2,\"periodType\":\"RegularPeriod\"}]",
        "periodScoreList": [
          {
            "homeScore": 1,
            "awayScore": 1,
            "periodNumber": 1,
            "periodDescription": "1st half",
            "period": "H1",
            "periodType": "RegularPeriod"
          },
          {
            "homeScore": 0,
            "awayScore": 0,
            "periodNumber": 2,
            "periodDescription": "2nd half",
            "period": "H2",
            "periodType": "RegularPeriod"
          }
        ],
        "eventClock": null,
        "matchStatusDescription": "Ended",
        "matchStatus": "ended",
        "shortCode": 5378,
        "uts": null
      },
      {
        "producer": 6,
        "sportId": "sr:sport:1",
        "matchId": "vf:match:1382248884",
        "matchName": "Leicester vs. Manchester Reds",
        "scheduleTime": 1748657372000,
        "homeTeamName": "Leicester",
        "awayTeamName": "Manchester Reds",
        "homeTeamNameAlias": null,
        "awayTeamNameAlias": null,
        "homeAvatar": null,
        "awayAvatar": null,
        "homeScore": 0,
        "awayScore": 2,
        "tournamentId": "vf:tournament:31867",
        "tournamentName": "Virtual Football English League",
        "sportCategoryId": "sr:category:1111",
        "sportCategoryName": "Virtual Football",
        "periodScores": "[{\"awayScore\":0,\"homeScore\":0,\"period\":\"H1\",\"periodDescription\":\"1st half\",\"periodNumber\":1,\"periodType\":\"RegularPeriod\"},{\"awayScore\":2,\"homeScore\":0,\"period\":\"H2\",\"periodDescription\":\"2nd half\",\"periodNumber\":2,\"periodType\":\"RegularPeriod\"}]",
        "periodScoreList": [
          {
            "homeScore": 0,
            "awayScore": 0,
            "periodNumber": 1,
            "periodDescription": "1st half",
            "period": "H1",
            "periodType": "RegularPeriod"
          },
          {
            "homeScore": 0,
            "awayScore": 2,
            "periodNumber": 2,
            "periodDescription": "2nd half",
            "period": "H2",
            "periodType": "RegularPeriod"
          }
        ],
        "eventClock": null,
        "matchStatusDescription": "Ended",
        "matchStatus": "ended",
        "shortCode": 2169,
        "uts": null
      },
      {
        "producer": 6,
        "sportId": "sr:sport:1",
        "matchId": "vf:match:1382248885",
        "matchName": "West Ham vs. Bournemouth",
        "scheduleTime": 1748657372000,
        "homeTeamName": "West Ham",
        "awayTeamName": "Bournemouth",
        "homeTeamNameAlias": null,
        "awayTeamNameAlias": null,
        "homeAvatar": null,
        "awayAvatar": null,
        "homeScore": 1,
        "awayScore": 3,
        "tournamentId": "vf:tournament:31867",
        "tournamentName": "Virtual Football English League",
        "sportCategoryId": "sr:category:1111",
        "sportCategoryName": "Virtual Football",
        "periodScores": "[{\"awayScore\":2,\"homeScore\":0,\"period\":\"H1\",\"periodDescription\":\"1st half\",\"periodNumber\":1,\"periodType\":\"RegularPeriod\"},{\"awayScore\":1,\"homeScore\":1,\"period\":\"H2\",\"periodDescription\":\"2nd half\",\"periodNumber\":2,\"periodType\":\"RegularPeriod\"}]",
        "periodScoreList": [
          {
            "homeScore": 0,
            "awayScore": 2,
            "periodNumber": 1,
            "periodDescription": "1st half",
            "period": "H1",
            "periodType": "RegularPeriod"
          },
          {
            "homeScore": 1,
            "awayScore": 1,
            "periodNumber": 2,
            "periodDescription": "2nd half",
            "period": "H2",
            "periodType": "RegularPeriod"
          }
        ],
        "eventClock": null,
        "matchStatusDescription": "Ended",
        "matchStatus": "ended",
        "shortCode": 7259,
        "uts": null
      },
      {
        "producer": 6,
        "sportId": "sr:sport:1",
        "matchId": "vf:match:1382248886",
        "matchName": "Chelsea vs. Manchester Blue",
        "scheduleTime": 1748657372000,
        "homeTeamName": "Chelsea",
        "awayTeamName": "Manchester Blue",
        "homeTeamNameAlias": null,
        "awayTeamNameAlias": null,
        "homeAvatar": null,
        "awayAvatar": null,
        "homeScore": 2,
        "awayScore": 2,
        "tournamentId": "vf:tournament:31867",
        "tournamentName": "Virtual Football English League",
        "sportCategoryId": "sr:category:1111",
        "sportCategoryName": "Virtual Football",
        "periodScores": "[{\"awayScore\":1,\"homeScore\":1,\"period\":\"H1\",\"periodDescription\":\"1st half\",\"periodNumber\":1,\"periodType\":\"RegularPeriod\"},{\"awayScore\":1,\"homeScore\":1,\"period\":\"H2\",\"periodDescription\":\"2nd half\",\"periodNumber\":2,\"periodType\":\"RegularPeriod\"}]",
        "periodScoreList": [
          {
            "homeScore": 1,
            "awayScore": 1,
            "periodNumber": 1,
            "periodDescription": "1st half",
            "period": "H1",
            "periodType": "RegularPeriod"
          },
          {
            "homeScore": 1,
            "awayScore": 1,
            "periodNumber": 2,
            "periodDescription": "2nd half",
            "period": "H2",
            "periodType": "RegularPeriod"
          }
        ],
        "eventClock": null,
        "matchStatusDescription": "Ended",
        "matchStatus": "ended",
        "shortCode": 1974,
        "uts": null
      }
    ]
  },
  {
    "number": 6,
    "scheduleDate": 1748657592000,
    "matches": [
      {
        "producer": 6,
        "sportId": "sr:sport:1",
        "matchId": "vf:match:1382248887",
        "matchName": "Bournemouth vs. Everton",
        "scheduleTime": 1748657592000,
        "homeTeamName": "Bournemouth",
        "awayTeamName": "Everton",
        "homeTeamNameAlias": null,
        "awayTeamNameAlias": null,
        "homeAvatar": null,
        "awayAvatar": null,
        "homeScore": 1,
        "awayScore": 0,
        "tournamentId": "vf:tournament:31867",
        "tournamentName": "Virtual Football English League",
        "sportCategoryId": "sr:category:1111",
        "sportCategoryName": "Virtual Football",
        "periodScores": "[{\"awayScore\":0,\"homeScore\":1,\"period\":\"H1\",\"periodDescription\":\"1st half\",\"periodNumber\":1,\"periodType\":\"RegularPeriod\"},{\"awayScore\":0,\"homeScore\":0,\"period\":\"H2\",\"periodDescription\":\"2nd half\",\"periodNumber\":2,\"periodType\":\"RegularPeriod\"}]",
        "periodScoreList": [
          {
            "homeScore": 1,
            "awayScore": 0,
            "periodNumber": 1,
            "periodDescription": "1st half",
            "period": "H1",
            "periodType": "RegularPeriod"
          },
          {
            "homeScore": 0,
            "awayScore": 0,
            "periodNumber": 2,
            "periodDescription": "2nd half",
            "period": "H2",
            "periodType": "RegularPeriod"
          }
        ],
        "eventClock": null,
        "matchStatusDescription": "Ended",
        "matchStatus": "ended",
        "shortCode": 8380,
        "uts": null
      },
      {
        "producer": 6,
        "sportId": "sr:sport:1",
        "matchId": "vf:match:1382248888",
        "matchName": "Newcastle vs. Tottenham",
        "scheduleTime": 1748657592000,
        "homeTeamName": "Newcastle",
        "awayTeamName": "Tottenham",
        "homeTeamNameAlias": null,
        "awayTeamNameAlias": null,
        "homeAvatar": null,
        "awayAvatar": null,
        "homeScore": 1,
        "awayScore": 1,
        "tournamentId": "vf:tournament:31867",
        "tournamentName": "Virtual Football English League",
        "sportCategoryId": "sr:category:1111",
        "sportCategoryName": "Virtual Football",
        "periodScores": "[{\"awayScore\":0,\"homeScore\":1,\"period\":\"H1\",\"periodDescription\":\"1st half\",\"periodNumber\":1,\"periodType\":\"RegularPeriod\"},{\"awayScore\":1,\"homeScore\":0,\"period\":\"H2\",\"periodDescription\":\"2nd half\",\"periodNumber\":2,\"periodType\":\"RegularPeriod\"}]",
        "periodScoreList": [
          {
            "homeScore": 1,
            "awayScore": 0,
            "periodNumber": 1,
            "periodDescription": "1st half",
            "period": "H1",
            "periodType": "RegularPeriod"
          },
          {
            "homeScore": 0,
            "awayScore": 1,
            "periodNumber": 2,
            "periodDescription": "2nd half",
            "period": "H2",
            "periodType": "RegularPeriod"
          }
        ],
        "eventClock": null,
        "matchStatusDescription": "Ended",
        "matchStatus": "ended",
        "shortCode": 4253,
        "uts": null
      },
      {
        "producer": 6,
        "sportId": "sr:sport:1",
        "matchId": "vf:match:1382248889",
        "matchName": "Southampton vs. West Ham",
        "scheduleTime": 1748657592000,
        "homeTeamName": "Southampton",
        "awayTeamName": "West Ham",
        "homeTeamNameAlias": null,
        "awayTeamNameAlias": null,
        "homeAvatar": null,
        "awayAvatar": null,
        "homeScore": 1,
        "awayScore": 1,
        "tournamentId": "vf:tournament:31867",
        "tournamentName": "Virtual Football English League",
        "sportCategoryId": "sr:category:1111",
        "sportCategoryName": "Virtual Football",
        "periodScores": "[{\"awayScore\":1,\"homeScore\":1,\"period\":\"H1\",\"periodDescription\":\"1st half\",\"periodNumber\":1,\"periodType\":\"RegularPeriod\"},{\"awayScore\":0,\"homeScore\":0,\"period\":\"H2\",\"periodDescription\":\"2nd half\",\"periodNumber\":2,\"periodType\":\"RegularPeriod\"}]",
        "periodScoreList": [
          {
            "homeScore": 1,
            "awayScore": 1,
            "periodNumber": 1,
            "periodDescription": "1st half",
            "period": "H1",
            "periodType": "RegularPeriod"
          },
          {
            "homeScore": 0,
            "awayScore": 0,
            "periodNumber": 2,
            "periodDescription": "2nd half",
            "period": "H2",
            "periodType": "RegularPeriod"
          }
        ],
        "eventClock": null,
        "matchStatusDescription": "Ended",
        "matchStatus": "ended",
        "shortCode": 6752,
        "uts": null
      },
      {
        "producer": 6,
        "sportId": "sr:sport:1",
        "matchId": "vf:match:1382248890",
        "matchName": "London Guns vs. Chelsea",
        "scheduleTime": 1748657592000,
        "homeTeamName": "London Guns",
        "awayTeamName": "Chelsea",
        "homeTeamNameAlias": null,
        "awayTeamNameAlias": null,
        "homeAvatar": null,
        "awayAvatar": null,
        "homeScore": 4,
        "awayScore": 1,
        "tournamentId": "vf:tournament:31867",
        "tournamentName": "Virtual Football English League",
        "sportCategoryId": "sr:category:1111",
        "sportCategoryName": "Virtual Football",
        "periodScores": "[{\"awayScore\":0,\"homeScore\":2,\"period\":\"H1\",\"periodDescription\":\"1st half\",\"periodNumber\":1,\"periodType\":\"RegularPeriod\"},{\"awayScore\":1,\"homeScore\":2,\"period\":\"H2\",\"periodDescription\":\"2nd half\",\"periodNumber\":2,\"periodType\":\"RegularPeriod\"}]",
        "periodScoreList": [
          {
            "homeScore": 2,
            "awayScore": 0,
            "periodNumber": 1,
            "periodDescription": "1st half",
            "period": "H1",
            "periodType": "RegularPeriod"
          },
          {
            "homeScore": 2,
            "awayScore": 1,
            "periodNumber": 2,
            "periodDescription": "2nd half",
            "period": "H2",
            "periodType": "RegularPeriod"
          }
        ],
        "eventClock": null,
        "matchStatusDescription": "Ended",
        "matchStatus": "ended",
        "shortCode": 6089,
        "uts": null
      },
      {
        "producer": 6,
        "sportId": "sr:sport:1",
        "matchId": "vf:match:1382248891",
        "matchName": "Manchester Reds vs. Liverpool",
        "scheduleTime": 1748657592000,
        "homeTeamName": "Manchester Reds",
        "awayTeamName": "Liverpool",
        "homeTeamNameAlias": null,
        "awayTeamNameAlias": null,
        "homeAvatar": null,
        "awayAvatar": null,
        "homeScore": 0,
        "awayScore": 1,
        "tournamentId": "vf:tournament:31867",
        "tournamentName": "Virtual Football English League",
        "sportCategoryId": "sr:category:1111",
        "sportCategoryName": "Virtual Football",
        "periodScores": "[{\"awayScore\":0,\"homeScore\":0,\"period\":\"H1\",\"periodDescription\":\"1st half\",\"periodNumber\":1,\"periodType\":\"RegularPeriod\"},{\"awayScore\":1,\"homeScore\":0,\"period\":\"H2\",\"periodDescription\":\"2nd half\",\"periodNumber\":2,\"periodType\":\"RegularPeriod\"}]",
        "periodScoreList": [
          {
            "homeScore": 0,
            "awayScore": 0,
            "periodNumber": 1,
            "periodDescription": "1st half",
            "period": "H1",
            "periodType": "RegularPeriod"
          },
          {
            "homeScore": 0,
            "awayScore": 1,
            "periodNumber": 2,
            "periodDescription": "2nd half",
            "period": "H2",
            "periodType": "RegularPeriod"
          }
        ],
        "eventClock": null,
        "matchStatusDescription": "Ended",
        "matchStatus": "ended",
        "shortCode": 3964,
        "uts": null
      },
      {
        "producer": 6,
        "sportId": "sr:sport:1",
        "matchId": "vf:match:1382248892",
        "matchName": "Burnley vs. Wolverhampton",
        "scheduleTime": 1748657592000,
        "homeTeamName": "Burnley",
        "awayTeamName": "Wolverhampton",
        "homeTeamNameAlias": null,
        "awayTeamNameAlias": null,
        "homeAvatar": null,
        "awayAvatar": null,
        "homeScore": 0,
        "awayScore": 2,
        "tournamentId": "vf:tournament:31867",
        "tournamentName": "Virtual Football English League",
        "sportCategoryId": "sr:category:1111",
        "sportCategoryName": "Virtual Football",
        "periodScores": "[{\"awayScore\":2,\"homeScore\":0,\"period\":\"H1\",\"periodDescription\":\"1st half\",\"periodNumber\":1,\"periodType\":\"RegularPeriod\"},{\"awayScore\":0,\"homeScore\":0,\"period\":\"H2\",\"periodDescription\":\"2nd half\",\"periodNumber\":2,\"periodType\":\"RegularPeriod\"}]",
        "periodScoreList": [
          {
            "homeScore": 0,
            "awayScore": 2,
            "periodNumber": 1,
            "periodDescription": "1st half",
            "period": "H1",
            "periodType": "RegularPeriod"
          },
          {
            "homeScore": 0,
            "awayScore": 0,
            "periodNumber": 2,
            "periodDescription": "2nd half",
            "period": "H2",
            "periodType": "RegularPeriod"
          }
        ],
        "eventClock": null,
        "matchStatusDescription": "Ended",
        "matchStatus": "ended",
        "shortCode": 2946,
        "uts": null
      },
      {
        "producer": 6,
        "sportId": "sr:sport:1",
        "matchId": "vf:match:1382248893",
        "matchName": "Manchester Blue vs. Leicester",
        "scheduleTime": 1748657592000,
        "homeTeamName": "Manchester Blue",
        "awayTeamName": "Leicester",
        "homeTeamNameAlias": null,
        "awayTeamNameAlias": null,
        "homeAvatar": null,
        "awayAvatar": null,
        "homeScore": 3,
        "awayScore": 2,
        "tournamentId": "vf:tournament:31867",
        "tournamentName": "Virtual Football English League",
        "sportCategoryId": "sr:category:1111",
        "sportCategoryName": "Virtual Football",
        "periodScores": "[{\"awayScore\":1,\"homeScore\":2,\"period\":\"H1\",\"periodDescription\":\"1st half\",\"periodNumber\":1,\"periodType\":\"RegularPeriod\"},{\"awayScore\":1,\"homeScore\":1,\"period\":\"H2\",\"periodDescription\":\"2nd half\",\"periodNumber\":2,\"periodType\":\"RegularPeriod\"}]",
        "periodScoreList": [
          {
            "homeScore": 2,
            "awayScore": 1,
            "periodNumber": 1,
            "periodDescription": "1st half",
            "period": "H1",
            "periodType": "RegularPeriod"
          },
          {
            "homeScore": 1,
            "awayScore": 1,
            "periodNumber": 2,
            "periodDescription": "2nd half",
            "period": "H2",
            "periodType": "RegularPeriod"
          }
        ],
        "eventClock": null,
        "matchStatusDescription": "Ended",
        "matchStatus": "ended",
        "shortCode": 4999,
        "uts": null
      },
      {
        "producer": 6,
        "sportId": "sr:sport:1",
        "matchId": "vf:match:1382248894",
        "matchName": "Watford vs. Crystal Palace",
        "scheduleTime": 1748657592000,
        "homeTeamName": "Watford",
        "awayTeamName": "Crystal Palace",
        "homeTeamNameAlias": null,
        "awayTeamNameAlias": null,
        "homeAvatar": null,
        "awayAvatar": null,
        "homeScore": 1,
        "awayScore": 1,
        "tournamentId": "vf:tournament:31867",
        "tournamentName": "Virtual Football English League",
        "sportCategoryId": "sr:category:1111",
        "sportCategoryName": "Virtual Football",
        "periodScores": "[{\"awayScore\":0,\"homeScore\":1,\"period\":\"H1\",\"periodDescription\":\"1st half\",\"periodNumber\":1,\"periodType\":\"RegularPeriod\"},{\"awayScore\":1,\"homeScore\":0,\"period\":\"H2\",\"periodDescription\":\"2nd half\",\"periodNumber\":2,\"periodType\":\"RegularPeriod\"}]",
        "periodScoreList": [
          {
            "homeScore": 1,
            "awayScore": 0,
            "periodNumber": 1,
            "periodDescription": "1st half",
            "period": "H1",
            "periodType": "RegularPeriod"
          },
          {
            "homeScore": 0,
            "awayScore": 1,
            "periodNumber": 2,
            "periodDescription": "2nd half",
            "period": "H2",
            "periodType": "RegularPeriod"
          }
        ],
        "eventClock": null,
        "matchStatusDescription": "Ended",
        "matchStatus": "ended",
        "shortCode": 9339,
        "uts": null
      }
    ]
  }
]